imdb_id,film_title,year,tradd_url,link,tags,filename,popularity,danceability,energy,key,loudness,mode,speechiness,acousticness,instrumentalness,liveness,valence,tempo,time_signature
tt0848228,The Avengers,2012,/the-avengers,/the-avengers/feature-trailer,"Paramount Pictures|Marvel Studios|Action|Adventure|Comicbook|Samuel L. Jackson|Robert Downey, Jr.|Chris Evans|Chris Hemsworth|Jeremy Renner|Scarlett Johansson|Tom Hiddleston|Mark Ruffalo|Clark Gregg",the-avengers_feature-trailer,14.30769231,0.434923077,0.884384615,6.307692308,-4.498615385,0.461538462,0.064715385,0.001655769,0.000618504,0.260430769,0.374307692,132.0975385,4
tt0472033,9,2009,/9-feature,/9-feature/trailer,Focus Features|Action|CG Animation|Teaser|Remake,9-feature_trailer,,,,,,,,,,,,,
tt0472033,9,2009,/9-feature,/9-feature/feature-trailer,Focus Features|Action|CG Animation|Remake|Elijah Wood|Jennifer Connelly|Christopher Plummer,9-feature_feature-trailer,,,,,,,,,,,,,
tt0416449,300,2007,/300,/300/teaser-trailer,Warner Bros. Pictures|Action|Comicbook|Teaser|Gerard Butler|Lena Headey|David Wenham|Vincent Regan|Rodrigo Santoro|Dominic West,300_teaser-trailer,27.88,0.216224,0.34288,4.52,-15.4204,0.52,0.04144,0.4383164,0.779484,0.159076,0.090928,101.58944,3.4
tt1190080,2012,2009,/2012,/2012/trailer,Columbia Pictures|Action|Adventure|John Cusack|Amanda Peet|Chiwetel Ejiofor|Danny Glover|Thandie Newton|Oliver Platt|Thomas McCarthy|Woody Harrelson|Chin Han|Morgan Lily|Beatrice Rosen,2012_trailer,0.315789474,0.480315789,0.769105263,6.421052632,-7.943105263,0.526315789,0.059563158,0.100042632,0.263749971,0.233857895,0.348726316,128.0495263,4
tt1022603,(500) Days of Summer,2009,/500-days-of-summer,/500-days-of-summer/trailer,Fox Searchlight|Comedy|Joseph Gordon-Levitt|Zooey Deschanel|Clark Gregg|Minka Kelly|Rachel Boston|Matthew Gray Gubler|Chloë Grace Moretz,500-days-of-summer_trailer,,,,,,,,,,,,,
tt1022603,(500) Days of Summer,2009,/500-days-of-summer,/500-days-of-summer/teaser-trailer,Fox Searchlight|Comedy|Joseph Gordon-Levitt|Zooey Deschanel|Clark Gregg|Minka Kelly|Rachel Boston|Matthew Gray Gubler|Chloë Grace Moretz,500-days-of-summer_teaser-trailer,,,,,,,,,,,,,
tt2024544,12 Years a Slave,2013,/12-years-a-slave,/12-years-a-slave/trailer,Fox Searchlight|Drama|Biopic|Chiwetel Ejiofor|Michael Fassbender|Benedict Cumberbatch|Paul Dano|Paul Giamatti|Lupita Nyong'o|Sarah Paulson|Brad Pitt|Alfre Woodard|Scoot McNairy,12-years-a-slave_trailer,,,,,,,,,,,,,
tt2172934,3 Days to Kill,2014,/3-days-to-kill,/3-days-to-kill/trailer,Relativity Media|Thriller|Action|Kevin Costner|Amber Heard|Hailee Steinfeld|Connie Nielsen,3-days-to-kill_trailer,,,,,,,,,,,,,
tt0120623,A Bug's Life,1998,/a-bugs-life,/a-bugs-life/trailer,Pixar Animation|Walt Disney Pictures|CG Animation|Family|Dave Foley|Denis Leary|Kevin Spacey|Phyllis Diller|Brad Garrett|Jonathan Harris,a-bugs-life_trailer,,,,,,,,,,,,,
tt0405296,A Scanner Darkly,2006,/scanner-darkly,/scanner-darkly/teaser-trailer,"Warner Independent|Keanu Reeves|Robert Downey, Jr.|Woody Harrelson|Winona Ryder|Rory Cochrane|Animation",scanner-darkly_teaser-trailer,2.090909091,0.340063636,0.453159091,5.727272727,-11.58868182,0.636363636,0.079640909,0.522006364,0.638073682,0.185872727,0.179313636,96.66804545,3.954545455
tt1091722,Adventureland,2009,/adventureland,/adventureland/trailer,Miramax Films|Comedy|Jesse Eisenberg|Ryan Reynolds|Kristen Stewart|Bill Hader|Kristen Wiig|South by Southwest Film Festival,adventureland_trailer,1.571428571,0.477785714,0.726071429,4.5,-6.401,0.857142857,0.050042857,0.205222786,0.065772574,0.175828571,0.539714286,119.638,4
tt0881891,All About Steve,2009,/all-about-steve,/all-about-steve/trailer,20th Century Fox|Comedy|Sandra Bullock|Thomas Haden Church|Bradley Cooper|Sara Sanderson|Katy Mixon|Ken Jeong|M.C. Gainey|Keith David,all-about-steve_trailer,,,,,,,,,,,,,
tt0426883,Alpha Dog,2007,/alpha-dog,/alpha-dog/trailer,Drama|Universal Pictures|Ben Foster|Shawn Hatosy|Emile Hirsch|Chris Marquette|Sharon Stone|Justin Timberlake|Anton Yelchin|Bruce Willis,alpha-dog_trailer,,,,,,,,,,,,,
tt1823664,Annie,2014,/annie-2014,/annie-2014/feature-trailer,Sony Pictures|Comedy|Drama|Family|Musical/Broadway/Play|Remake|Jamie Foxx|Quvenzhané Wallis|Rose Byrne|Bobby Cannavale|Adewale Akinnuoye-Agbaje|David Zayas|Cameron Diaz|Musical,annie-2014_feature-trailer,42.73333333,0.5012,0.659333333,5.6,-6.1772,0.8,0.053126667,0.249247333,0.057796723,0.178953333,0.502,121.2162,4.066666667
tt1823664,Annie,2014,/annie-2014,/annie-2014/trailer,Sony Pictures|Comedy|Drama|Family|Musical/Broadway/Play|Remake|Jamie Foxx|Quvenzhané Wallis|Rose Byrne|Bobby Cannavale|Adewale Akinnuoye-Agbaje|David Zayas|Cameron Diaz|Musical,annie-2014_trailer,42.73333333,0.5012,0.659333333,5.6,-6.1772,0.8,0.053126667,0.249247333,0.057796723,0.178953333,0.502,121.2162,4.066666667
tt0313792,Anything Else,2003,/anything-else,/anything-else/trailer,DreamWorks Pictures|Comedy|Romance|Jason Biggs|Christina Ricci,anything-else_trailer,,,,,,,,,,,,,
tt1024648,Argo,2012,/argo,/argo/trailer,Warner Bros. Pictures|Drama|Thriller|Ben Affleck|Alan Arkin|Bryan Cranston|John Goodman|Kerry Bishé|Kyle Chandler|Rory Cochrane|Christopher Denham|Tate Donovan|Clea DuVall|Victor Garber,argo_trailer,10.41176471,0.355164706,0.193476471,6.058823529,-23.239,0.764705882,0.040364706,0.502,0.784717647,0.106041176,0.106429412,107.3915294,3.764705882
tt0375568,Astro Boy,2009,/astro-boy,/astro-boy/teaser-trailer,Summit Entertainment|Adventure|CG Animation|Television|Teaser,astro-boy_teaser-trailer,,,,,,,,,,,,,
tt0783233,Atonement,2008,/atonement,/atonement/trailer,Focus Features|Drama|Romance|Keira Knightley|James McAvoy|Romola Garai|Vanessa Redgrave|Brenda Blethyn,atonement_trailer,,,,,,,,,,,,,
tt1322269,August: Osage County,2014,/august-osage-county,/august-osage-county/feature-trailer,The Weinstein Company|Musical/Broadway/Play|Comedy|Drama|Meryl Streep|Julia Roberts|Ewan McGregor|Benedict Cumberbatch|Margo Martindale|Chris Cooper|Sam Shepard|Misty Upham|Juliette Lewis|Abigail Breslin|Dermot Mulroney|Julianne Nicholson|Newell Alexander,august-osage-county_feature-trailer,,,,,,,,,,,,,
tt0455824,Australia,2008,/australia,/australia/feature-trailer,20th Century Fox|Action|Drama|Romance|Nicole Kidman|Hugh Jackman,australia_feature-trailer,,,,,,,,,,,,,
tt0499549,Avatar,2009,/avatar,/avatar/trailer-b,20th Century Fox|Action|Adventure|Sci Fi|Sigourney Weaver|Stephen Lang|Zoë Saldaña|Sam Worthington|Michelle Rodriguez|Giovanni Ribisi|Joel David Moore|CCH Pounder|Peter Mensah|Laz Alonso|Wes Studi|Matt Gerald,avatar_trailer-b,,,,,,,,,,,,,
tt1217613,Battle: Los Angeles,2011,/battle-los-angeles,/battle-los-angeles/trailer,Columbia Pictures|Sci Fi|Action|Teaser|Aaron Eckhart|Michelle Rodriguez|Ramon Rodriguez|Bridget Moynahan,battle-los-angeles_trailer,5.045454545,0.203777273,0.380854545,4.272727273,-17.25522727,0.590909091,0.051618182,0.492418182,0.889909091,0.114604545,0.054863636,105.5005,3.909090909
tt0486551,Beerfest,2006,/beerfest,/beerfest/trailer,Warner Bros. Pictures|Comedy|Kevin Heffernan|Steve Lemme|Paul Soter|Jürgen Prochnow|Erik Stolhanske|Will Forte|Eric Christian Olsen,beerfest_trailer,,,,,,,,,,,,,
tt0159273,Behind Enemy Lines,2001,/behind-enemy-lines,/behind-enemy-lines/trailer,20th Century Fox|Action|War|Owen Wilson|Gabriel Macht|Gene Hackman|Joaquim De Almeida|Vladimir Mashkov|David Keith|Olek Krupa,behind-enemy-lines_trailer,,,,,,,,,,,,,
tt0265086,Black Hawk Down,2002,/black-hawk-down,/black-hawk-down/teaser-trailer,Columbia Pictures|Historical|Action|Drama|War|Teaser|Josh Hartnett|Tom Sizemore|Ewan McGregor|Sam Shepard,black-hawk-down_teaser-trailer,31.66666667,0.400466667,0.342213333,5,-16.02266667,0.533333333,0.043166667,0.45553,0.630988667,0.126426667,0.155573333,108.5544,3.733333333
tt1825683,Black Panther,2018,/black-panther-2018,/black-panther-2018/teaser-trailer,Marvel Studios|Walt Disney Pictures|Comicbook|Action|Sci Fi|Fantasy|Teaser|Chadwick Boseman|Danai Gurira|Lupita Nyong'o|Michael B. Jordan|Martin Freeman|Daniel Kaluuya|Angela Bassett|Andy Serkis|Sterling K. Brown|Isaach De Bankolé|Forest Whitaker,black-panther-2018_teaser-trailer,62.93333333,0.686066667,0.620133333,4.866666667,-7.0988,0.733333333,0.205613333,0.176834,0.00186627,0.173186667,0.431333333,119.6413333,4
tt1430612,Brick Mansions,2014,/brick-mansions,/brick-mansions/feature-trailer,Relativity Media|Action|Crime|Remake|Paul Walker|RZA|David Belle|Carlo Rota|Kalinka Petrie|Bruce Ramsay,brick-mansions_feature-trailer,2,0.771,0.62,4,-7.921,1,0.0478,0.000692,0.0442,0.0886,0.0711,99.996,4
tt0901476,Bride Wars,2009,/bride-wars,/bride-wars/trailer,20th Century Fox|Comedy|Romance|Anne Hathaway|Kate Hudson|Candice Bergen|Kristen Johnston,bride-wars_trailer,,,,,,,,,,,,,
tt0458339,Captain America: The First Avenger,2011,/captain-america-the-first-avenger,/captain-america-the-first-avenger/trailer,Paramount Pictures|Action|Adventure|Comicbook|Chris Evans|Hayley Atwell|Hugo Weaving|Sebastian Stan|Stanley Tucci|Tommy Lee Jones|Dominic Cooper|Natalie Dormer,captain-america-the-first-avenger_trailer,,,,,,,,,,,,,
tt1194417,Casino Jack,2011,/bagman,/bagman/trailer,Thriller|Kevin Spacey|Berry Pepper|Kelly Preston|Jon Lovitz|Graham Greene|Rachelle Lefevre|Maury Chaykin|Hannibal Pictures,bagman_trailer,,,,,,,,,,,,,
tt0450405,Cirque du Freak: The Vampire's Assistant,2009,/cirque-du-freak-vampires-assistant,/cirque-du-freak-vampires-assistant/trailer,Universal Pictures|Action|Drama|Family|Adventure|Fantasy|Horror|Thriller|John C. Reilly|Ken Watanabe|Josh Hutcherson|Chris Massoglia|Patrick Fugit|Ray Stevenson|Michael Cerveris|Frankie Faison|Jane Krakowski|Orlando Jones|Kristen Schaal|Salma Hayek,cirque-du-freak-vampires-assistant_trailer,,,,,,,,,,,,,
tt0800320,Clash of the Titans,2010,/clash-of-the-titans,/clash-of-the-titans/feature-trailer,Warner Bros. Pictures|Action|Adventure|Teaser|Sam Worthington|Liam Neeson|Ralph Fiennes|Danny Huston|Gemma Arterton|Mads Mikkelsen|Jason Flemyng|Alexa Davalos,clash-of-the-titans_feature-trailer,8.52173913,0.288469565,0.298173913,5.956521739,-18.10321739,0.391304348,0.045343478,0.545487826,0.787782609,0.141343478,0.092143478,94.009,3.695652174
tt0800320,Clash of the Titans,2010,/clash-of-the-titans,/clash-of-the-titans/trailer,Warner Bros. Pictures|Action|Adventure|Teaser|Sam Worthington|Liam Neeson|Ralph Fiennes|Danny Huston|Gemma Arterton|Mads Mikkelsen|Jason Flemyng|Alexa Davalos,clash-of-the-titans_trailer,8.52173913,0.288469565,0.298173913,5.956521739,-18.10321739,0.391304348,0.045343478,0.545487826,0.787782609,0.141343478,0.092143478,94.009,3.695652174
tt1371111,Cloud Atlas,2012,/cloud-atlas,/cloud-atlas/trailer,Warner Bros. Pictures|Drama|Fantasy|Sci Fi|Book|Tom Hanks|Halle Berry|Jim Broadbent|Hugo Weaving|Jim Sturgess|Doona Bae|Ben Whishaw|James D'Arcy|Xun Zhou|Keith David|David Gyasi|Susan Sarandon|Hugh Grant,cloud-atlas_trailer,19.04347826,0.2826,0.230923043,3.52173913,-17.69782609,0.782608696,0.039252174,0.586778261,0.833478261,0.143921739,0.109121739,109.4376957,3.956521739
tt0844471,Cloudy with a Chance of Meatballs,2009,/cloudy-wuth-a-chance-of-meatballs,/cloudy-wuth-a-chance-of-meatballs/feature-trailer,Columbia Pictures|CG Animation|Book|Family|Comedy|Bill Hader|Anna Faris|James Caan|Bruce Campbell|Andy Samberg|Mr T.|Tracy Morgan,cloudy-wuth-a-chance-of-meatballs_feature-trailer,9.090909091,0.310363636,0.347864545,5.181818182,-12.92548485,0.666666667,0.04970303,0.576804242,0.511923576,0.165254545,0.131784848,111.1381818,3.818181818
tt0345074,Connie and Carla,2004,/connie-and-carla,/connie-and-carla/trailer,Universal Pictures|Comedy|Nia Vardalos|Toni Collette|David Duchovny,connie-and-carla_trailer,,,,,,,,,,,,,
tt0121164,Corpse Bride,2005,/corpse-bride,/corpse-bride/teaser-trailer,Warner Bros. Pictures|Teaser|Stop Motion Animation|Johnny Depp|Helena Bonham Carter|Emily Watson,corpse-bride_teaser-trailer,34.66666667,0.396125,0.271929167,5.416666667,-15.94316667,0.375,0.0620375,0.734125,0.575373599,0.175083333,0.2745,109.0326667,3.75
tt0121164,Corpse Bride,2005,/corpse-bride,/corpse-bride/trailer,Warner Bros. Pictures|Stop Motion Animation|Johnny Depp|Helena Bonham Carter|Emily Watson,corpse-bride_trailer,34.66666667,0.396125,0.271929167,5.416666667,-15.94316667,0.375,0.0620375,0.734125,0.575373599,0.175083333,0.2745,109.0326667,3.75
tt0409847,Cowboys & Aliens,2011,/cowboys-and-aliens,/cowboys-and-aliens/feature-trailer,Universal Pictures|Action|Thriller|Comicbook|Daniel Craig|Harrison Ford|Olivia Wilde|Clancy Brown|Adam Beach|Sam Rockwell,cowboys-and-aliens_feature-trailer,5.352941176,0.235429412,0.252647059,5.176470588,-19.15270588,0.588235294,0.044617647,0.551988235,0.866235294,0.137352941,0.059429412,107.0364118,3.588235294
tt1121931,Crank: High Voltage,2009,/crank-high-voltage,/crank-high-voltage/trailer,Lionsgate|Jason Statham|Amy Smart|Dwight Yoakam|Efren Ramirez|Bai Ling|Action,crank-high-voltage_trailer,7.3125,0.44711875,0.673129063,5,-8.87865625,0.6875,0.15313125,0.267118313,0.609797041,0.230103125,0.3119625,128.2907188,3.90625
tt1570728,"Crazy, Stupid, Love.",2011,/crazy-stupid-love,/crazy-stupid-love/trailer,Warner Bros. Pictures|Comedy|Romance|Steve Carell|Ryan Gosling|Emma Stone|Julianne Moore|Marisa Tomei|Kevin Bacon,crazy-stupid-love_trailer,,,,,,,,,,,,,
tt1153706,Dance Flick,2009,/dance-flick,/dance-flick/trailer,Paramount Pictures|Comedy|Chelsea Makela|Keenen Ivory Wayans|Shawn Wayans|Marlon Wayans|Brennan Hillard|Kim Wayans|Damon Wayans Jr,dance-flick_trailer,,,,,,,,,,,,,
tt0433362,Daybreakers,2010,/daybreakers,/daybreakers/trailer,Lionsgate|Horror|Ethan Hawke|Willem Dafoe|Claudia Karvan|Michael Dorman|Vince Colosimo|Isabel Lucas|Sam Neill,daybreakers_trailer,0.5625,0.196125,0.207950625,5.625,-18.669875,0.4375,0.04471875,0.7394375,0.8353125,0.09913125,0.05470625,117.5236875,4
tt1137450,Death Wish,2018,/death-wish,/death-wish/feature-trailer,Annapurna Pictures|Action|Crime|Drama|Book|Bruce Willis|Elisabeth Shue|Metro Goldwyn Mayer (MGM)|Vincent D'Onofrio|Kimberly Elise|Dean Norris|Camila Morrone,death-wish_feature-trailer,3.3,0.27065,0.156932,5.65,-23.8313,0.8,0.050515,0.507035,0.8873,0.11786,0.03635,123.41125,3.45
tt0829150,Dracula Untold,2014,/dracula-untold,/dracula-untold/trailer,Universal Pictures|Action|Drama|Fantasy|Luke Evans|Sarah Gadon|Dominic Cooper|Samantha Barks|Diarmaid Murtagh|Charles Dance,dracula-untold_trailer,17.5,0.256235,0.290353,3.85,-19.02715,0.55,0.04244,0.5147,0.81743,0.124435,0.087415,104.3176,3.45
tt0879870,Eat Pray Love,2010,/eat-pray-love,/eat-pray-love/trailer,Columbia Pictures|Comedy|Drama|Book|Julia Roberts|Richard Jenkins|Javier Bardem|Viola Davis|Billy Crudup,eat-pray-love_trailer,6.928571429,0.5365,0.475214286,5.714285714,-10.83892857,0.642857143,0.041378571,0.530714286,0.242814319,0.132964286,0.505035714,112.7778571,4
tt1631867,Edge of Tomorrow,2014,/edge-of-tomorrow,/edge-of-tomorrow/feature-trailer,Warner Bros. Pictures|Book|Action|Sci Fi|Tom Cruise|Emily Blunt,edge-of-tomorrow_feature-trailer,15.90909091,0.339272727,0.260631818,3.545454545,-20.8875,0.681818182,0.057809091,0.599513636,0.800364727,0.138927273,0.066068182,111.8825,3.909090909
tt1631867,Edge of Tomorrow,2014,/edge-of-tomorrow,/edge-of-tomorrow/trailer,Warner Bros. Pictures|Book|Action|Sci Fi|Tom Cruise|Emily Blunt|Bill Paxton|Kick Gurry|Dragomir Mrsic|Charlotte Riley|Jonas Armstrong|Franz Drameh,edge-of-tomorrow_trailer,15.90909091,0.339272727,0.260631818,3.545454545,-20.8875,0.681818182,0.057809091,0.599513636,0.800364727,0.138927273,0.066068182,111.8825,3.909090909
tt1674771,Entourage,2015,/entourage,/entourage/trailer,Warner Bros. Pictures|Comedy|Television|Billy Bob Thornton|Jeremy Piven|Nora Dunn|Emmanuelle Chriqui|Kevin Dillon|Debi Mazar|Adrian Grenier|Jerry Ferrara|Rhys Coiro|Kevin Connolly|Haley Joel Osment|Constance Zimmer|Perrey Reeves|Emily Ratajkowski|Rex Lee,entourage_trailer,19.5,0.722,0.597,2,-5.977,0.5,0.13,0.10685,0.4445,0.5685,0.578,148.4995,4
tt0848537,Epic,2013,/epic-2013,/epic-2013/feature-trailer,20th Century Fox|CG Animation|Adventure|Action|Josh Hutcherson|Amanda Seyfried|Aziz Ansari|Colin Farrell|Christoph Waltz|Jason Sudeikis,epic-2013_feature-trailer,,,,,,,,,,,,,
tt0848537,Epic,2013,/epic-2013,/epic-2013/trailer,20th Century Fox|CG Animation|Adventure|Action|Teaser|Josh Hutcherson|Amanda Seyfried|Aziz Ansari,epic-2013_trailer,,,,,,,,,,,,,
tt0780511,Everybody's Fine,2009,/everybodys-fine,/everybodys-fine/trailer,Miramax Films|Comedy|Drama|Adventure|Robert De Niro|Drew Barrymore|Kate Beckinsale|Sam Rockwell,everybodys-fine_trailer,7.5,0.275975,0.090663333,4.583333333,-22.89775,0.75,0.03875,0.896833333,0.871666667,0.124633333,0.13765,95.28766667,3.333333333
tt1225822,Extract,2009,/extract,/extract/teaser-trailer,Miramax Films|Comedy|Teaser|Jason Bateman|Mila Kunis|Ben Affleck|Kristen Wiig|J.K. Simmons|Clifton Collins Jr.|Beth Grant,extract_teaser-trailer,,,,,,,,,,,,,
tt0120663,Eyes Wide Shut,1999,/eyes-wide-shut,/eyes-wide-shut/feature-trailer,Warner Bros. Pictures|Drama|Mystery|Romance|Tom Cruise|Nicole Kidman|Sydney Pollack|Leelee Sobieski|Marie Richardson|Rade Serbedzija|Todd Field|Vinessa Shaw|Sky du Mont|Fay Masterson,eyes-wide-shut_feature-trailer,,,,,,,,,,,,,
tt0120663,Eyes Wide Shut,1999,/eyes-wide-shut,/eyes-wide-shut/trailer,Warner Bros. Pictures|Drama|Mystery|Romance|Tom Cruise|Nicole Kidman|Sydney Pollack|Leelee Sobieski,eyes-wide-shut_trailer,,,,,,,,,,,,,
tt1013752,Fast & Furious,2009,/fast-and-furious-2009,/fast-and-furious-2009/trailer,Universal Pictures|Franchise/Epic/Trilogy|Action|Thriller|Vin Diesel|Paul Walker|Michelle Rodriguez|Jordana Brewster,fast-and-furious-2009_trailer,,,,,,,,,,,,,
tt1433108,Faster,2010,/faster,/faster/trailer,CBS Films|Thriller|Action|Drama|Dwayne Johnson|Maggie Grace|Billy Bob Thornton|Jennifer Carpenter|Carla Gugino|Adewale Akinnuoye-Agbaje|Oliver Jackson-Cohen,faster_trailer,,,,,,,,,,,,,
tt1433108,Faster,2010,/faster,/faster/teaser-trailer,CBS Films|Thriller|Action|Drama|Teaser|Dwayne Johnson|Maggie Grace|Billy Bob Thornton,faster_teaser-trailer,,,,,,,,,,,,,
tt2322441,Fifty Shades of Grey,2015,/fifty-shades-of-grey,/fifty-shades-of-grey/trailer,Focus Features|Book|Drama|Romance|Jamie Dornan|Dakota Johnson,fifty-shades-of-grey_trailer,45.76923077,0.489307692,0.424846154,5.153846154,-8.808,0.307692308,0.032753846,0.487353846,0.23071933,0.126807692,0.283615385,135.6218462,3.769230769
tt1082601,Fighting,2009,/fighting,/fighting/trailer,Rogue Pictures|Drama|Channing Tatum|Terrence Howard|Brian J. White|Luis Guzman|Zulay Henao,fighting_trailer,,,,,,,,,,,,,
tt1907668,Flight,2012,/flight-2012,/flight-2012/trailer,Paramount Pictures|Drama|Denzel Washington|Kelly Reilly|Don Cheadle|Bruce Greenwood|Brian Geraghty|John Goodman|Tamara Tunie,flight-2012_trailer,,,,,,,,,,,,,
tt2381941,Focus,2015,/focus-2014,/focus-2014/trailer,Warner Bros. Pictures|Comedy|Crime|Romance|Margot Robbie|Will Smith|Rodrigo Santoro|BD Wong|Gerald McRaney|Robert Taylor|Adrian Martinez|Brennan Brown,focus-2014_trailer,,,,,,,,,,,,,
tt0390022,Friday Night Lights,2004,/friday-night-lights,/friday-night-lights/trailer,Universal Pictures|Sport|Drama|Billy Bob Thornton|Jay Hernandez|Tim McGraw|Lucas Black|Derek Luke|Lee Thompson Young|Connie Britton|Garrett Hedlund,friday-night-lights_trailer,28.28571429,0.301621429,0.13085,4.642857143,-24.08942857,0.857142857,0.038492857,0.702870214,0.723706643,0.1328,0.086,108.5831429,3.214285714
tt0492389,Furry Vengeance,2010,/furry-vengeance,/furry-vengeance/trailer,Summit Entertainment|Comedy|Brendan Fraser|Brooke Shields|Ken Jeong|Matt Prokop,furry-vengeance_trailer,,,,,,,,,,,,,
tt1583421,G.I. Joe: Retaliation,2013,/gi-joe-2-retaliation,/gi-joe-2-retaliation/trailer,Paramount Pictures|Action|Adventure|Cartoon|Franchise/Epic/Trilogy|Channing Tatum|Ray Park|Dwayne Johnson|Bruce Willis|Elodie Yung|RZA|D.J. Cotrona|Adrianne Palicki|Ray Stevenson|Joseph Mazzello|Walton Goggins|DeRay Davis,gi-joe-2-retaliation_trailer,,,,,,,,,,,,,
tt1034032,Gamer,2009,/gamer,/gamer/trailer,Lionsgate|Foreign / Foreign Language|Action|Drama|Thriller|Gerard Butler|Michael C. Hall|Milo Ventimiglia|Alison Lohman|John Lequizamo|Efren Ramirez|Terry Crews|Kyra Sedgwick|Zoe Bell|Ludacris,gamer_trailer,0.043478261,0.448565217,0.538626087,5.086956522,-13.26069565,0.608695652,0.080334783,0.135589145,0.714678261,0.229778261,0.245773913,132.2837391,3.652173913
tt1321870,Gangster Squad,2013,/the-gangster-squad,/the-gangster-squad/feature-trailer,Warner Bros. Pictures|Crime|Action|Josh Brolin|Ryan Gosling|Nick Nolte|Robert Patrick|Michael Peña|Giovanni Ribisi|Anthony Mackie|Emma Stone|Sean Penn,the-gangster-squad_feature-trailer,,,,,,,,,,,,,
tt1321870,Gangster Squad,2013,/the-gangster-squad,/the-gangster-squad/trailer,Warner Bros. Pictures|Crime|Action|Josh Brolin|Ryan Gosling|Nick Nolte|Robert Patrick|Michael Peña|Giovanni Ribisi|Anthony Mackie|Emma Stone|Sean Penn,the-gangster-squad_trailer,,,,,,,,,,,,,
tt0821640,Ghosts of Girlfriends Past,2009,/ghosts-of-girlfriends-past,/ghosts-of-girlfriends-past/trailer,New Line Cinema|Comedy|Matthew McConaughey|Jennifer Garner|Lacey Chabert|Michael Douglas|Emma Stone|Anne Archer|Robert Forster,ghosts-of-girlfriends-past_trailer,,,,,,,,,,,,,
tt2267998,Gone Girl,2014,/gone-girl,/gone-girl/trailer,20th Century Fox|Drama|Thriller|Book|Ben Affleck|Rosamund Pike|Missi Pyle|Tyler Perry|Kim Dickens|Patrick Fugit|Sela Ward|Kathleen Rose Perkins,gone-girl_trailer,27.125,0.339366667,0.145024292,5.625,-23.28266667,0.541666667,0.045475,0.921041667,0.915375,0.117475,0.1211625,99.99429167,3.791666667
tt2191701,Grown Ups 2,2013,/grown-ups-2,/grown-ups-2/trailer,Sony Pictures|Comedy|Franchise/Epic/Trilogy|Adam Sandler|Kevin James|Chris Rock|David Spade|Salma Hayek|Maya Rudolph|Maria Bello|Nick Swardson|Taylor Lautner|Milo Ventimiglia|Andy Samberg|Will Forte|Shaquille O'Neal,grown-ups-2_trailer,,,,,,,,,,,,,
tt2015381,Guardians of the Galaxy,2014,/guardians-of-the-galaxy,/guardians-of-the-galaxy/teaser-trailer,Marvel Studios|Walt Disney Pictures|Comicbook|Action|Adventure|Sci Fi|Teaser|Chris Pratt|Dave Bautista|Zoë Saldaña|Michael Rooker|Ophelia Lovibond|Lee Pace|Glenn Close|Karen Gillan|Benicio Del Toro|John C. Reilly|Djimon Hounsou,guardians-of-the-galaxy_teaser-trailer,15.08333333,0.614666667,0.1081,6.583333333,-19.56266667,0.666666667,0.05635,0.967666667,0.678,0.083283333,0.155108333,114.9033333,3.916666667
tt2015381,Guardians of the Galaxy,2014,/guardians-of-the-galaxy,/guardians-of-the-galaxy/trailer,Marvel Studios|Walt Disney Pictures|Comicbook|Action|Adventure|Sci Fi|Chris Pratt|Dave Bautista|Zoë Saldaña|Michael Rooker|Ophelia Lovibond|Lee Pace|Glenn Close|Karen Gillan|Benicio Del Toro|John C. Reilly|Djimon Hounsou,guardians-of-the-galaxy_trailer,15.08333333,0.614666667,0.1081,6.583333333,-19.56266667,0.666666667,0.05635,0.967666667,0.678,0.083283333,0.155108333,114.9033333,3.916666667
tt0481536,Harold & Kumar Escape from Guantanamo Bay,2008,/harold-kumar-guantanamo,/harold-kumar-guantanamo/trailer,New Line Cinema|Comedy|John Cho|Kal Penn|Rob Corddry|Neil Patrick Harris,harold-kumar-guantanamo_trailer,,,,,,,,,,,,,
tt0481536,Harold & Kumar Escape from Guantanamo Bay,2008,/harold-kumar-guantanamo,/harold-kumar-guantanamo/teaser-trailer,New Line Cinema|Comedy|Teaser|John Cho|Kal Penn|Rob Corddry|Neil Patrick Harris,harold-kumar-guantanamo_teaser-trailer,,,,,,,,,,,,,
tt0366551,Harold & Kumar Go to White Castle,2004,/harold-kumar,/harold-kumar/trailer,New Line Cinema|Comedy|Kal Penn|John Cho|Neil Patrick Harris|Malin Akerman|Paula Garcés|Ryan Reynolds|Anthony Anderson,harold-kumar_trailer,,,,,,,,,,,,,
tt1201607,Harry Potter and the Deathly Hallows: Part 2,2011,/harry-potter-and-deathly-hallows-part-ii,/harry-potter-and-deathly-hallows-part-ii/feature-trailer,Warner Bros. Pictures|Adventure|Drama|Fantasy|Mystery|Franchise/Epic/Trilogy|Book|Romance|Daniel Radcliffe|Rupert Grint|Emma Watson|John Hurt|Ralph Fiennes|Alan Rickman|Helen McCrory|Bonnie Wright|Natalia Tena|Helena Bonham Carter,harry-potter-and-deathly-hallows-part-ii_feature-trailer,,,,,,,,,,,,,
tt0330373,Harry Potter and the Goblet of Fire,2005,/harry-potter-goblet-fire,/harry-potter-goblet-fire/trailer,Warner Bros. Pictures|Franchise/Epic/Trilogy|Book|Adventure|Fantasy|Daniel Radcliffe|Rupert Grint|Emma Watson|Michael Gambon|Stanislav Ianevski|Robert Pattinson|Clémence Poésy|Katie Leung|Maggie Smith|Brendan Gleeson|Alan Rickman|Timothy Spall|Miranda Richardson|Ralph Fiennes,harry-potter-goblet-fire_trailer,43.33333333,0.237570833,0.270316667,5.333333333,-16.82866667,0.541666667,0.048129167,0.599330833,0.639400421,0.197745833,0.169716667,106.2523333,3.791666667
tt0373889,Harry Potter and the Order of the Phoenix,2007,/harry-potter-order-phoenix,/harry-potter-order-phoenix/teaser-trailer,Teaser|Warner Bros. Pictures|Fantasy|Book|Adventure|Gary Oldman|Daniel Radcliffe|Rupert Grint|Emma Watson|Alan Rickman,harry-potter-order-phoenix_teaser-trailer,43.27777778,0.224861111,0.186044444,4.222222222,-21.64566667,0.666666667,0.047605556,0.673055556,0.835166667,0.143477778,0.053711111,93.53983333,3.722222222
tt0373889,Harry Potter and the Order of the Phoenix,2007,/harry-potter-order-phoenix,/harry-potter-order-phoenix/trailer-a,Book|Warner Bros. Pictures|Daniel Radcliffe|Fantasy|Adventure|Gary Oldman|Ralph Fiennes|Helena Bonham Carter|Rupert Grint|Emma Watson|Alan Rickman|Michael Gambon,harry-potter-order-phoenix_trailer-a,43.27777778,0.224861111,0.186044444,4.222222222,-21.64566667,0.666666667,0.047605556,0.673055556,0.835166667,0.143477778,0.053711111,93.53983333,3.722222222
tt0411477,Hellboy II: The Golden Army,2008,/hellboy-ii-golden-army,/hellboy-ii-golden-army/trailer,Universal Pictures|Franchise/Epic/Trilogy|Action|Adventure|Fantasy|Comicbook|Ron Perlman|Selma Blair|Luke Goss,hellboy-ii-golden-army_trailer,,,,,,,,,,,,,
tt1267297,Hercules,2014,/hercules-2014,/hercules-2014/feature-trailer,Metro Goldwyn Mayer (MGM)|Paramount Pictures|Action|Adventure|Fantasy|Dwayne Johnson|Ian Mcshane|Joseph Fiennes|John Hurt|Rufus Sewell|Peter Mullan|Ingrid Bolsø Berdal|Aksel Hennie|Reece Ritchie,hercules-2014_feature-trailer,4.48,0.23914,0.49102,3.48,-14.15184,0.6,0.061544,0.526844,0.82728,0.174088,0.07018,101.68812,3.64
tt2637294,Hot Tub Time Machine 2,2015,/hot-tub-time-machine-2,/hot-tub-time-machine-2/feature-trailer,Metro Goldwyn Mayer (MGM)|Comedy|Sci Fi|Adventure|Rob Corddry|Craig Robinson|Clark Duke|Adam Scott|Chevy Chase|Collette Wolfe|Gillian Jacobs,hot-tub-time-machine-2_feature-trailer,,,,,,,,,,,,,
tt1155056,"I Love You, Man",2009,/i-love-you-man,/i-love-you-man/trailer,DreamWorks Pictures|Comedy|Paul Rudd|Jason Segel|Jaime Pressly|Rashida Jones|Andy Samberg|J.K. Simmons|Thomas Lennon|South by Southwest Film Festival,i-love-you-man_trailer,,,,,,,,,,,,,
tt1355630,If I Stay,2014,/if-i-stay,/if-i-stay/feature-trailer,Warner Bros. Pictures|Metro Goldwyn Mayer (MGM)|Book|Drama|Chloë Grace Moretz|Mireille Enos|Jamie Blackley|Stacy Keach|Joshua Leonard,if-i-stay_feature-trailer,17.05555556,0.456722222,0.454444444,5.722222222,-10.17488889,0.944444444,0.041611111,0.528321417,0.21003308,0.171411111,0.408905556,127.4423333,3.944444444
tt1355630,If I Stay,2014,/if-i-stay,/if-i-stay/trailer,Warner Bros. Pictures|Metro Goldwyn Mayer (MGM)|Drama|Chloë Grace Moretz|Mireille Enos|Jamie Blackley,if-i-stay_trailer,17.05555556,0.456722222,0.454444444,5.722222222,-10.17488889,0.944444444,0.041611111,0.528321417,0.21003308,0.171411111,0.408905556,127.4423333,3.944444444
tt0780567,Imagine That,2009,/imagine-that,/imagine-that/trailer,Paramount Pictures|Comedy|Fantasy|Eddie Murphy|Yara Shahidi|Ronny Cox|Thomas Haden Church|Nicole Ari Parker,imagine-that_trailer,,,,,,,,,,,,,
tt1637688,In Time,2011,/in-time,/in-time/trailer,20th Century Fox|Sci Fi|Thriller|Justin Timberlake|Amanda Seyfried|Cillian Murphy|Vincent Kartheiser|Alex Pettyfer|Johnny Galecki|Olivia Wilde|Matt Bomer,in-time_trailer,,,,,,,,,,,,,
tt1791528,Inherent Vice,2015,/inherent-vice,/inherent-vice/trailer,Warner Bros. Pictures|Crime|Mystery|Book|Joaquin Phoenix|Josh Brolin|Owen Wilson|Katherine Waterston|Reese Witherspoon|Benicio Del Toro|Martin Short|Jena Malone|Joanna Newsom|Michael K. Williams,inherent-vice_trailer,,,,,,,,,,,,,
tt2096673,Inside Out,2015,/inside-out-2015,/inside-out-2015/teaser-trailer,Walt Disney Pictures|Pixar Animation|Family|CG Animation|Teaser|Amy Poehler|Mindy Kaling|Bill Hader|Phyllis Smith|Lewis Black,inside-out-2015_teaser-trailer,30.41666667,0.440375,0.269922083,4.125,-16.081625,0.75,0.08655,0.787916667,0.722954167,0.1446125,0.2069375,120.3262083,3.75
tt0371746,Iron Man,2008,/iron-man,/iron-man/trailer,"Robert Downey, Jr.|Comicbook|Action|Marvel Studios|Paramount Pictures|Terrence Howard|Gwyneth Paltrow|Jeff Bridges",iron-man_trailer,,,,,,,,,,,,,
tt0371746,Iron Man,2008,/iron-man,/iron-man/teaser-trailer,"Teaser|Paramount Pictures|Marvel Studios|Action|Comicbook|Robert Downey, Jr.|Terrence Howard|Gwyneth Paltrow|Jeff Bridges",iron-man_teaser-trailer,,,,,,,,,,,,,
tt1228705,Iron Man 2,2010,/iron-man-2,/iron-man-2/feature-trailer,"Comicbook|Action|Marvel Studios|Paramount Pictures|Franchise/Epic/Trilogy|Gwyneth Paltrow|Don Cheadle|Mickey Rourke|Sam Rockwell|Samuel L. Jackson|Scarlett Johansson|Garry Shandling|Robert Downey, Jr.",iron-man-2_feature-trailer,,,,,,,,,,,,,
tt1228705,Iron Man 2,2010,/iron-man-2,/iron-man-2/trailer,"Comicbook|Action|Marvel Studios|Paramount Pictures|Franchise/Epic/Trilogy|Gwyneth Paltrow|Don Cheadle|Mickey Rourke|Sam Rockwell|Samuel L. Jackson|Scarlett Johansson|Garry Shandling|Robert Downey, Jr.",iron-man-2_trailer,,,,,,,,,,,,,
tt1351685,Jack the Giant Slayer,2013,/jack-the-giant-killer,/jack-the-giant-killer/feature-trailer,New Line Cinema|Warner Bros. Pictures|Book|Fantasy|Action|Adventure|Nicholas Hoult|Eleanor Tomlinson|Stanley Tucci|Ewan McGregor|Ian Mcshane|Raine McCormack|Eddie Marson|Ewen Bremner,jack-the-giant-killer_feature-trailer,4.727272727,0.182409091,0.337040909,5.136363636,-14.83836364,0.681818182,0.04415,0.739272727,0.854863636,0.188518182,0.063177273,105.5668182,3.590909091
tt2357129,Jobs,2013,/jobs,/jobs/feature-trailer,Open Road Films|Biopic|Drama|Ashton Kutcher|Dermot Mulroney|Josh Gad|Lukas Haas|J.K. Simmons|Matthew Modine,jobs_feature-trailer,,,,,,,,,,,,,
tt1250777,Kick-Ass,2010,/kick-ass,/kick-ass/trailer,Lionsgate|Teaser|Action|Comedy|Drama|Aaron Taylor-Johnson|Christopher Mintz-Plasse|Chloë Grace Moretz|Clark Duke|Nicolas Cage|Mark Strong|Comicbook|South by Southwest Film Festival,kick-ass_trailer,,,,,,,,,,,,,
tt1448755,Killer Elite,2011,/killer-elite,/killer-elite/feature-trailer,Action|Thriller|Jason Statham|Clive Owen|Robert De Niro|Yvonne Strahovski|Adewale Akinnuoye-Agbaje,killer-elite_feature-trailer,0.888888889,0.239055556,0.292083333,4.944444444,-20.28361111,0.722222222,0.051788889,0.321768333,0.798557306,0.161172222,0.062638889,105.6305,3.888888889
tt1448755,Killer Elite,2011,/killer-elite,/killer-elite/trailer,Action|Thriller|Jason Statham|Clive Owen|Robert De Niro|Yvonne Strahovski|Adewale Akinnuoye-Agbaje,killer-elite_trailer,0.888888889,0.239055556,0.292083333,4.944444444,-20.28361111,0.722222222,0.051788889,0.321768333,0.798557306,0.161172222,0.062638889,105.6305,3.888888889
tt1013743,Knight and Day,2010,/knight-day,/knight-day/feature-trailer,20th Century Fox|Action|Comedy|Tom Cruise|Cameron Diaz|Peter Sarsgaard|Marc Blucas|Viola Davis,knight-day_feature-trailer,,,,,,,,,,,,,
tt0758752,Love & Other Drugs,2010,/love-and-other-drugs,/love-and-other-drugs/trailer,20th Century Fox|Drama|Judy Greer|Jake Gyllenhaal|Anne Hathaway|Gabriel Macht|Hank Azaria|Oliver Platt,love-and-other-drugs_trailer,,,,,,,,,,,,,
tt1277953,Madagascar 3: Europe's Most Wanted,2012,/madagascar-3,/madagascar-3/feature-trailer,Dreamworks Animation|CG Animation|Adventure|Comedy|Family|Franchise/Epic/Trilogy|Ben Stiller|Chris Rock|David Schwimmer|Jada Pinkett Smith|Sacha Baron Cohen,madagascar-3_feature-trailer,,,,,,,,,,,,,
tt0175880,Magnolia,2000,/magnolia,/magnolia/trailer,New Line Cinema|Drama|Jeremy Blackman|Michael Bowen|Tom Cruise|Melinda Dillon|Henry Gibson|April Grace|Philip Baker Hall|Philip Seymour Hoffman|William H. Macy|Julianne Moore|John C. Reilly|Jason Robards|Melora Walters,magnolia_trailer,,,,,,,,,,,,,
tt0175880,Magnolia,2000,/magnolia,/magnolia/teaser-trailer,New Line Cinema|Drama|Teaser|Jeremy Blackman|Tom Cruise|Henry Gibson|April Grace|Philip Baker Hall|Philip Seymour Hoffman|William H. Macy|Julianne Moore|John C. Reilly|Jason Robards|Melora Walters,magnolia_teaser-trailer,,,,,,,,,,,,,
tt0770828,Man of Steel,2013,/man-of-steel,/man-of-steel/teaser-trailer,Warner Bros. Pictures|Action|Adventure|Behind the Scenes|Comicbook|Fantasy|Franchise/Epic/Trilogy|Henry Cavill|Teaser,man-of-steel_teaser-trailer,31.66666667,0.215688889,0.316610556,5.055555556,-20.06927778,0.777777778,0.053911111,0.442272222,0.858277778,0.091944444,0.046,91.27622222,4
tt0822832,Marley & Me,2008,/marley-me,/marley-me/trailer,20th Century Fox|Comedy|Family|Teaser|Owen Wilson|Jennifer Aniston|Alan Arkin|Eric Dane,marley-me_trailer,9.833333333,0.421791667,0.228819167,5.708333333,-20.93625,0.875,0.042616667,0.599006667,0.6871795,0.118116667,0.152066667,121.607,3.791666667
tt0822832,Marley & Me,2008,/marley-me,/marley-me/teaser-trailer,20th Century Fox|Comedy|Family|Teaser|Owen Wilson|Jennifer Aniston,marley-me_teaser-trailer,9.833333333,0.421791667,0.228819167,5.708333333,-20.93625,0.875,0.042616667,0.599006667,0.6871795,0.118116667,0.152066667,121.607,3.791666667
tt2097298,"McFarland, USA",2015,/mcfarland-usa,/mcfarland-usa/trailer,Walt Disney Pictures|Drama|Sport|Kevin Costner|Maria Bello|Morgan Saylor|Martha Higareda|Michael Aguero|Sergio Avelar|Hector Duran|Rafael Martinez|Johnny Ortiz|Carlos Pratts|Ramiro Rodriguez|Danny Mora|Valente Rodriguez|Vanessa Martinez|Chris Ellis,mcfarland-usa_trailer,9.6,0.580066667,0.572333333,5,-11.29126667,0.733333333,0.050013333,0.455433333,0.545765333,0.16454,0.5532,129.9612,3.933333333
tt0139462,Message in a Bottle,1999,/message-in-a-bottle,/message-in-a-bottle/trailer,Warner Bros. Pictures|Drama|Romance|Book|Kevin Costner|Robin Wright|Paul Newman|John Savage|Illeana Douglas|Robbie Coltrane,message-in-a-bottle_trailer,,,,,,,,,,,,,
tt0864835,Mr. Peabody & Sherman,2014,/mr-peabody-sherman,/mr-peabody-sherman/feature-trailer,Dreamworks Animation|20th Century Fox|CG Animation|Adventure|Family|Comedy|Ty Burrell|Max Charles|Ariel Winter|Allison Janney|Patrick Warburton|Stephen Colbert,mr-peabody-sherman_feature-trailer,4.333333333,0.612133333,0.725033333,4.133333333,-7.573833333,0.833333333,0.127273333,0.340756417,0.246601107,0.23313,0.6189,124.8211333,3.966666667
tt0864835,Mr. Peabody & Sherman,2014,/mr-peabody-sherman,/mr-peabody-sherman/trailer,Dreamworks Animation|20th Century Fox|CG Animation|Adventure|Family|Comedy|Ty Burrell|Max Charles|Ariel Winter|Allison Janney|Stephen Colbert|Leslie Mann|Stanley Tucci|Patrick Warburton|Lake Bell|Zach Callison|Dennis Haysbert,mr-peabody-sherman_trailer,4.333333333,0.612133333,0.725033333,4.133333333,-7.573833333,0.833333333,0.127273333,0.340756417,0.246601107,0.23313,0.6189,124.8211333,3.966666667
tt0408306,Munich,2006,/munich,/munich/trailer,Universal Pictures|Historical|Drama|Thriller|Eric Bana|Daniel Craig|Geoffrey Rush|Lynn Cohen|Ayelet Zurer|Ciarán Hinds|Mathieu Kassovitz|Hanns Zischler,munich_trailer,41,0.5225,0.43446,7.1,-11.1624,0.5,0.0694,0.58862,0.10200425,0.2168,0.5763,117.997,3.9
tt2369135,Need for Speed,2014,/need-for-speed,/need-for-speed/feature-trailer,DreamWorks Pictures|Action|Aaron Paul|Imogen Poots|Dominic Cooper|Ramon Rodriguez|Rami Malek|Harrison Gilbertson|Kid Cudi|Michael Keaton|Dakota Johnson,need-for-speed_feature-trailer,17.35,0.26503,0.348945,3.5,-17.071,0.4,0.040515,0.51387,0.87395,0.151815,0.13687,112.99825,3.5
tt1598822,New Year's Eve,2011,/new-years-eve,/new-years-eve/feature-trailer,Katherine Heigl|Ashton Kutcher|Lea Michele|Josh Duhamel|Romance|Comedy|Warner Bros. Pictures|New Line Cinema|Zac Efron|Jessica Biel|Hilary Swank|Sarah Jessica Parker|Jon Bon Jovi|Robert De Niro|Abigail Breslin|Halle Berry|Ludacris|Hector Elizondo,new-years-eve_feature-trailer,,,,,,,,,,,,,
tt1078912,Night at the Museum: Battle of the Smithsonian,2009,/night-at-the-museum-2,/night-at-the-museum-2/teaser-trailer,20th Century Fox|Franchise/Epic/Trilogy|Comedy|Family|Fantasy|Teaser|Ben Stiller|Jonah Hill|Amy Adams|Hank Azaria|Robin Williams|Owen Wilson|Bill Hader|Clint Howard,night-at-the-museum-2_teaser-trailer,7.826086957,0.305656522,0.286508696,5.217391304,-15.98578261,0.739130435,0.052165217,0.707347826,0.678695652,0.163626087,0.120443478,98.77608696,3.913043478
tt1623288,ParaNorman,2012,/paranorman,/paranorman/teaser-trailer,Focus Features|CG Animation|Comedy|Thriller|Teaser|Stop Motion Animation,paranorman_teaser-trailer,,,,,,,,,,,,,
tt1047540,Parental Guidance,2012,/parental-guidance,/parental-guidance/trailer,20th Century Fox|Family|Comedy|Billy Crystal|Bette Midler|Marisa Tomei|Bailee Madison,parental-guidance_trailer,,,,,,,,,,,,,
tt1114740,Paul Blart: Mall Cop,2009,/mall-cop,/mall-cop/trailer,Columbia Pictures|Comedy|Kevin James|Keir O'Donnell|Jayma Mays|Shirley Knight|Raini Rodriguez|Stephen Rannazzisi|Adam Ferrara,mall-cop_trailer,,,,,,,,,,,,,
tt3450650,Paul Blart: Mall Cop 2,2015,/paul-blart-mall-cop-2,/paul-blart-mall-cop-2/trailer,Sony Pictures|Comedy|Franchise/Epic/Trilogy|Kevin James|Molly Shannon|David Henrie|Raini Rodriguez|Eduardo Verástegui|Nicholas Turturro|Gary Valentine|Neal McDonough|Shirley Knight,paul-blart-mall-cop-2_trailer,,,,,,,,,,,,,
tt0910936,Pineapple Express,2008,/pineapple-express,/pineapple-express/trailer,Columbia Pictures|Comedy|Seth Rogen|James Franco|Gary Cole|Rosie Perez|Danny R. McBride|Amber Heard|James Remar,pineapple-express_trailer,0,0.6402,0.6776,5.8,-7.525466667,0.6,0.101,0.221447533,0.265884,0.177953333,0.529186667,117.1017333,4
tt0325980,Pirates of the Caribbean: The Curse of the Black Pearl,2003,/pirates-curse-black-pearl,/pirates-curse-black-pearl/trailer,Walt Disney Pictures|Action|Adventure|Fantasy|Franchise/Epic/Trilogy|Johnny Depp|Geoffrey Rush|Orlando Bloom|Keira Knightley|Jack Davenport,pirates-curse-black-pearl_trailer,43.46666667,0.273406667,0.372773333,4.2,-12.39266667,0.533333333,0.041173333,0.393433333,0.848666667,0.173053333,0.100806667,118.8116667,3.6
tt2980706,Planes: Fire & Rescue,2014,/planes-fire-rescue,/planes-fire-rescue/trailer,Walt Disney Pictures|CG Animation|Adventure|Comedy|Family|Dane Cook|Julie Bowen|Ed Harris|Regina King|Jerry Stiller|Fred Willard,planes-fire-rescue_trailer,18.27272727,0.392854545,0.334209091,4.818181818,-15.38863636,0.666666667,0.0443,0.579512121,0.679067536,0.170930303,0.242851515,102.3246667,3.757575758
tt1142433,Post Grad,2009,/post-grad,/post-grad/trailer,20th Century Fox|Comedy|Alexis Bledel|Zach Gilford|Rodrigo Santoro|Jane Lynch|Fred Armison|Bobby Coleman|Andrew Daly|Kirk Fox|Catherine Reitman|Craig Robinson|Carol Burnett|Michael Keaton,post-grad_trailer,,,,,,,,,,,,,
tt0473075,Prince of Persia: The Sands of Time,2010,/prince-of-persia-the-sands-of-time,/prince-of-persia-the-sands-of-time/feature-trailer,Walt Disney Pictures|Action|Adventure|Fantasy|Video Game|Jake Gyllenhaal|Gemma Arterton|Ben Kingsley|Alfred Molina,prince-of-persia-the-sands-of-time_feature-trailer,,,,,,,,,,,,,
tt0473075,Prince of Persia: The Sands of Time,2010,/prince-of-persia-the-sands-of-time,/prince-of-persia-the-sands-of-time/trailer,Walt Disney Pictures|Action|Adventure|Fantasy|Video Game|Jake Gyllenhaal|Gemma Arterton|Ben Kingsley,prince-of-persia-the-sands-of-time_trailer,,,,,,,,,,,,,
tt1152836,Public Enemies,2009,/public-enemies,/public-enemies/trailer,Universal Pictures|Action|Thriller|Johnny Depp|Christian Bale|Marion Cotillard|Giovanni Ribisi|Billy Crudup|Stephen Dorff|Rory Cochrane|Stephen Lang|David Wenham|Stephen Graham|Channing Tatum|Jason Clarke,public-enemies_trailer,,,,,,,,,,,,,
tt0110912,Pulp Fiction,1994,/pulp-fiction,/pulp-fiction/trailer,Miramax Films|Crime|Drama|John Travolta|Samuel L. Jackson|Uma Thurman|Bruce Willis|Harvey Keitel|Tim Roth|Amanda Plummer|Maria de Medeiros|Ving Rhames|Eric Stoltz|Rosanna Arquette|Christopher Walken,pulp-fiction_trailer,,,,,,,,,,,,,
tt1192628,Rango,2011,/rango,/rango/trailer,Paramount Pictures|CG Animation|Action|Adventure|Johnny Depp,rango_trailer,22.9,0.41075,0.469015,4.3,-12.27645,0.45,0.123625,0.50041965,0.446640537,0.26257,0.401045,127.9517,3.8
tt1053424,Repo Men,2010,/repo-men,/repo-men/trailer,Universal Pictures|Jude Law|Forest Whitaker|Liev Schreiber|Alice Braga|Carice van Houten|Action|Sci Fi|Thriller,repo-men_trailer,,,,,,,,,,,,,
tt1220634,Resident Evil: Afterlife,2010,/resident-evil-afterlife,/resident-evil-afterlife/trailer,Sony Screen Gems|Franchise/Epic/Trilogy|Action|Horror|Milla Jovovich|Ali Larter|Kim Coates|Shawn Roberts,resident-evil-afterlife_trailer,9.5,0.32655,0.54594825,4.1,-12.91805,0.8,0.06998,0.340219718,0.84775,0.155205,0.15288,110.64645,3.9
tt1408253,Ride Along,2014,/ride-along,/ride-along/teaser-trailer,Universal Pictures|Action|Comedy|Teaser|Ice Cube|Kevin Hart|Tika Sumpter|Bryan Callen,ride-along_teaser-trailer,0,0.540904762,0.406047619,3.333333333,-15.50485714,0.904761905,0.061290476,0.087326381,0.751142857,0.148847619,0.193071429,123.4564762,3.857142857
tt1336608,Rock of Ages,2012,/rock-of-ages,/rock-of-ages/feature-trailer,Warner Bros. Pictures|Musical|Tom Cruise|Malin Akerman|Catherine Zeta-Jones|Alec Baldwin|Paul Giamatti|Russell Brand|Julianne Hough|Diego Boneta|Mary J. Blige|Musical/Broadway/Play,rock-of-ages_feature-trailer,34.35,0.47625,0.7408,4.6,-5.3686,0.6,0.052955,0.05376995,0.001101511,0.21168,0.434,129.10065,4
tt0430922,Role Models,2008,/role-models,/role-models/trailer,Universal Pictures|Comedy|Seann William Scott|Paul Rudd|Christopher Mintz-Plasse|Jane Lynch|Elizabeth Banks,role-models_trailer,2.333333333,0.512416667,0.257266667,5.416666667,-19.12958333,0.583333333,0.070608333,0.354669833,0.525111667,0.119625,0.278958333,130.0268333,3.916666667
tt0404390,Running Scared,2006,/running-scared,/running-scared/trailer,New Line Cinema|Action|Drama|Crime|Thriller|Paul Walker|Cameron Bright|Vera Farmiga|Karel Roden|Johnny Messner,running-scared_trailer,0.090909091,0.298354545,0.215740909,4.318181818,-19.27154545,0.727272727,0.046022727,0.667299091,0.821090909,0.151090909,0.065418182,105.5826364,3.909090909
tt0988045,Sherlock Holmes,2009,/sherlock-holmes,/sherlock-holmes/trailer,"Warner Bros. Pictures|Crime|Drama|Thriller|Book|Robert Downey, Jr.|Jude Law|Rachel McAdams|Mark Strong|Kelly Reilly",sherlock-holmes_trailer,34.83333333,0.434741667,0.282083333,7.166666667,-17.82766667,0.583333333,0.042891667,0.4257425,0.738183333,0.159891667,0.156016667,121.5854167,4
tt0815236,She's Out of My League,2010,/shes-out-of-my-league,/shes-out-of-my-league/trailer,DreamWorks Pictures|Comedy|Romance|Jay Baruchel|Alice Eve|Mike Vogel|Krysten Ritter|Geoff Stults|Hayes MacArthur|Nate Torrence|Debra Jo Rupp,shes-out-of-my-league_trailer,,,,,,,,,,,,,
tt1596346,Soul Surfer,2011,/soul-surfer,/soul-surfer/feature-trailer,TriStar Pictures|Action|Drama|Sport|AnnaSophia Robb|Dennis Quaid|Helen Hunt|Carrie Underwood|Lorraine Nicholson,soul-surfer_feature-trailer,,,,,,,,,,,,,
tt0473705,State of Play,2009,/state-of-play,/state-of-play/trailer,Universal Pictures|Thriller|Russell Crowe|Ben Affleck|Rachel McAdams|Robin Wright Penn|Harry J. Lennix|Jeff Daniels|Maria Thayer,state-of-play_trailer,3.1,0.32337,0.160263,6,-24.6939,0.4,0.04095,0.5477,0.8179,0.13295,0.05207,104.3159,3.9
tt0838283,Step Brothers,2008,/step-brothers,/step-brothers/trailer,Columbia Pictures|Comedy|Will Ferrell|John C. Reilly|Richard Jenkins|Mary Steenburgen,step-brothers_trailer,,,,,,,,,,,,,
tt0978764,Sucker Punch,2011,/sucker-punch,/sucker-punch/trailer,Warner Bros. Pictures|Action|Drama|Thriller|Emily Browning|Vanessa Hudgens|Abbie Cornish|Jamie Chung|Jena Malone|Carla Gugino|Jon Hamm|Oscar Isaac|Scott Glenn,sucker-punch_trailer,24,0.442444444,0.636777778,5.444444444,-9.835333333,0.555555556,0.0527,0.096000833,0.223702222,0.1776,0.291955556,109.6468889,4
tt0978764,Sucker Punch,2011,/sucker-punch,/sucker-punch/feature-trailer,Warner Bros. Pictures|Action|Drama|Thriller|Emily Browning|Vanessa Hudgens|Abbie Cornish|Jamie Chung|Jena Malone|Carla Gugino|Jon Hamm|Oscar Isaac|Scott Glenn,sucker-punch_feature-trailer,24,0.442444444,0.636777778,5.444444444,-9.835333333,0.555555556,0.0527,0.096000833,0.223702222,0.1776,0.291955556,109.6468889,4
tt0810922,Take Me Home Tonight,2011,/take-me-home-tonight,/take-me-home-tonight/trailer,Rogue Pictures|Comedy|Topher Grace|Anna Faris|Dan Fogler|Teresa Palmer|Michael Biehn|Demetri Martin,take-me-home-tonight_trailer,,,,,,,,,,,,,
tt1135084,Takers,2010,/takers,/takers/feature-trailer,Sony Screen Gems|Action|Crime|Thriller|Matt Dillon|Paul Walker|Idris Elba|Jay Hernandez|Tip Harris|Michael Ealy|Chris Brown|Hayden Christensen,takers_feature-trailer,0.6,0.48615,0.437555,7.05,-18.3646,0.4,0.04242,0.39895405,0.81125,0.13433,0.12408,116.2006,3.75
tt0398286,Tangled,2010,/tangled,/tangled/trailer,Walt Disney Pictures|CG Animation|Adventure|Family|Musical|Mandy Moore|Zachary Levi,tangled_trailer,25.72,0.33896,0.259124,4.32,-14.56152,0.92,0.059968,0.709948,0.271657736,0.173404,0.299644,104.44,3.64
tt0438488,Terminator Salvation,2009,/terminator-salvation,/terminator-salvation/trailer,Warner Bros. Pictures|Franchise/Epic/Trilogy|Action|Adventure|Sci Fi|Thriller|Sam Worthington|Anton Yelchin|Christian Bale|Common|Bryce Dallas Howard|Moon Bloodgood,terminator-salvation_trailer,9.733333333,0.28056,0.27542,3.933333333,-17.80293333,0.666666667,0.04576,0.617866667,0.813835333,0.136306667,0.08972,106.9221333,3.2
tt0948470,The Amazing Spider-Man,2012,/spider-man-2012,/spider-man-2012/feature-trailer,Columbia Pictures|Franchise/Epic/Trilogy|Action|Adventure|Fantasy|Comicbook|Andrew Garfield|Emma Stone|Rhys Ifans|Denis Leary|Campbell Scott|Irrfan Khan|Martin Sheen|Sally Field,spider-man-2012_feature-trailer,25.05,0.19748,0.163642,5.85,-24.72485,0.55,0.050935,0.595242,0.74575,0.101375,0.07236,101.1117,3.6
tt0112435,The Baby-Sitters Club,1995,/the-baby-sitters-club,/the-baby-sitters-club/trailer,Columbia Pictures|Comedy|Drama|Family|Book|Schuyler Fisk|Bre Blair|Tricia Joe|Rachael Leigh Cook|Larisa Oleynik|Stacy Linn Ramsower|Zelda Harris,the-baby-sitters-club_trailer,,,,,,,,,,,,,
tt0878804,The Blind Side,2009,/the-blind-side,/the-blind-side/trailer,Warner Bros. Pictures|Book|Drama|Sport|Sandra Bullock|Kathy Bates|Tim McGraw|Ray McKinnon|Lily Collins|Jae Head|Quinton Aaron,the-blind-side_trailer,8.454545455,0.411227273,0.362409091,4.318181818,-12.33931818,0.863636364,0.040590909,0.546136773,0.707187545,0.117609091,0.238081818,107.5728636,3.727272727
tt0103855,The Bodyguard,1992,/the-bodyguard,/the-bodyguard/trailer,Warner Bros. Pictures|Romance|Thriller|Drama|Musical|Kevin Costner|Whitney Houston|Gary Kemp|Bill Cobbs|Ralph Waite|Tomas Arana|Michele Lamar Richards|Mike Starr|DeVaughn Nixon,the-bodyguard_trailer,45.75,0.534,0.551891667,5,-11.37108333,0.75,0.041733333,0.328551333,0.101269776,0.157791667,0.452191667,114.8156667,3.916666667
tt0363771,"The Chronicles of Narnia: The Lion, the Witch and the Wardrobe",2005,/narnia-lion-witch-wardrobe,/narnia-lion-witch-wardrobe/trailer,Walt Disney Pictures|Book|Fantasy|Adventure|William Moseley|Anna Popplewell|Skandar Keynes|Georgie Henley|Tilda Swinton|James McAvoy|Liam Neeson,narnia-lion-witch-wardrobe_trailer,35.82352941,0.244664706,0.216017647,4,-18.71070588,0.647058824,0.045105882,0.726858824,0.630269141,0.125947059,0.088829412,101.7564118,3.823529412
tt0980970,The Chronicles of Narnia: The Voyage of the Dawn Treader,2010,/chronicles-of-narnia-voyage-of-dawn-treader,/chronicles-of-narnia-voyage-of-dawn-treader/feature-trailer,Fox Walden|Franchise/Epic/Trilogy|Adventure|Family|Fantasy|Book|Georgie Henley|Skandar Keynes|Ben Barnes|Will Poulter|Gary Sweet|Bruce Spence|Arthur Angel|Shane Rangi|Liam Neeson|Tilda Swinton|Laura Brent,chronicles-of-narnia-voyage-of-dawn-treader_feature-trailer,19.06666667,0.185003333,0.135140667,4.733333333,-24.6367,0.4,0.04153,0.7865,0.768306767,0.149066667,0.0598,94.96616667,3.433333333
tt0980970,The Chronicles of Narnia: The Voyage of the Dawn Treader,2010,/chronicles-of-narnia-voyage-of-dawn-treader,/chronicles-of-narnia-voyage-of-dawn-treader/trailer,Fox Walden|Franchise/Epic/Trilogy|Adventure|Family|Fantasy|Georgie Henley|Skandar Keynes|Ben Barnes|Will Poulter|Gary Sweet|Bruce Spence|Arthur Angel|Shane Rangi|Liam Neeson,chronicles-of-narnia-voyage-of-dawn-treader_trailer,19.06666667,0.185003333,0.135140667,4.733333333,-24.6367,0.4,0.04153,0.7865,0.768306767,0.149066667,0.0598,94.96616667,3.433333333
tt0475944,The Covenant,2006,/the-covenant,/the-covenant/trailer,Sony Screen Gems|Fantasy|Action|Steven Strait|Sebastian Stan|Laura Ramsey,the-covenant_trailer,2.75,0.381666667,0.822833333,6.583333333,-6.8415,0.75,0.063608333,0.08472757,0.524301167,0.139066667,0.358625,122.9139167,3.916666667
tt0455407,The Crazies,2010,/the-crazies,/the-crazies/trailer,Overture Films|Horror|Thriller|Remake|Timothy Olyphant|Radha Mitchell|Danielle Panabaker|Joe Anderson,the-crazies_trailer,0.4,0.254466667,0.135266667,4.666666667,-25.61813333,0.733333333,0.037573333,0.338004,0.836733333,0.11184,0.044633333,110.4502,3.6
tt1093357,The Darkest Hour,2011,/the-darkest-hour,/the-darkest-hour/feature-trailer,Summit Entertainment|Action|Sci Fi|Thriller|Emile Hirsch|Olivia Thirlby|Max Minghella|Rachael Taylor|Joel Kinnaman,the-darkest-hour_feature-trailer,0.052631579,0.267952632,0.413147895,6.105263158,-16.04026316,0.736842105,0.071726316,0.268203895,0.760477784,0.1349,0.077410526,110.7630526,3.684210526
tt0407887,The Departed,2006,/the-departed,/the-departed/trailer,Warner Bros. Pictures|Remake|Crime|Drama|Leonardo DiCaprio|Matt Damon|Jack Nicholson|Mark Wahlberg|Alec Baldwin|Martin Sheen|Ray Winstone|Anthony Anderson|James Badge Dale|Vera Farmiga,the-departed_trailer,13.14285714,0.569071429,0.220657143,6.071428571,-15.95235714,0.285714286,0.053578571,0.791857143,0.884357143,0.120242857,0.297707143,112.3298571,4.071428571
tt2404311,The Family,2013,/the-family,/the-family/trailer,Relativity Media|Crime|Comedy|Action|Robert De Niro|Michelle Pfeiffer|Tommy Lee Jones|Dianna Agron|John D'Leo|Vincent Pastore,the-family_trailer,,,,,,,,,,,,,
tt2039393,The Gambler,2014,/the-gambler-2015,/the-gambler-2015/trailer,Paramount Pictures|Crime|Thriller|Mark Wahlberg|John Goodman|Brie Larson|Michael Kenneth Williams|Jessica Lange,the-gambler-2015_trailer,,,,,,,,,,,,,
tt1343092,The Great Gatsby,2013,/the-great-gatsby,/the-great-gatsby/feature-trailer,Warner Bros. Pictures|Drama|Romance|Book|Leonardo DiCaprio|Tobey Maguire|Joel Edgerton|Carey Mulligan|Isla Fisher|Jason Clarke|Elizabeth Debicki|Amitabh Bachchan,the-great-gatsby_feature-trailer,0.210526316,0.454052632,0.384226316,4.526315789,-15.08884211,0.631578947,0.045321053,0.566791347,0.765647121,0.144647368,0.228126316,107.4058421,3.947368421
tt1119646,The Hangover,2009,/the-hangover,/the-hangover/teaser-trailer,Warner Bros. Pictures|Comedy|Teaser|Bradley Cooper|Ed Helms|Zach Galifianakis|Sasha Barrese,the-hangover_teaser-trailer,2.65,0.3628,0.56555,5.95,-7.90275,0.55,0.03983,0.35279115,0.00987226,0.23115,0.3074,65.8221,2.35
tt1951261,The Hangover Part III,2013,/the-hangover-part-iii,/the-hangover-part-iii/trailer,Warner Bros. Pictures|Comedy|Franchise/Epic/Trilogy|Bradley Cooper|Ed Helms|Zach Galifianakis|Ken Jeong|Heather Graham|Melissa McCarthy|John Goodman,the-hangover-part-iii_trailer,,,,,,,,,,,,,
tt1517260,The Host,2013,/the-host-2013,/the-host-2013/trailer,Open Road Films|Sci Fi|Thriller|Book|Saoirse Ronan|Max Irons|Jake Abel|Diane Kruger|William Hurt|Frances Fisher,the-host-2013_trailer,,,,,,,,,,,,,
tt0852713,The House Bunny,2008,/the-house-bunny,/the-house-bunny/trailer,Columbia Pictures|Comedy|Anna Faris|Colin Hanks|Emma Stone|Kat Dennings|Katharine McPhee|Beverly D'Angelo,the-house-bunny_trailer,,,,,,,,,,,,,
tt1649419,The Impossible,2013,/the-impossible,/the-impossible/trailer,Summit Entertainment|Action|Drama|Ewan McGregor|Naomi Watts|Tom Holland,the-impossible_trailer,,,,,,,,,,,,,
tt0399201,The Island,2005,/the-island,/the-island/trailer,DreamWorks Pictures|Action|Sci Fi|Thriller|Ewan McGregor|Scarlett Johansson|Steve Buscemi|Sean Bean|Djimon Hounsou|Michael Clarke Duncan|Noa Tishby,the-island_trailer,,,,,,,,,,,,,
tt0399201,The Island,2005,/the-island,/the-island/teaser-trailer,DreamWorks Pictures|Action|Sci Fi|Thriller|Teaser|Ewan McGregor|Scarlett Johansson|Steve Buscemi|Sean Bean|Djimon Hounsou|Michael Clarke Duncan,the-island_teaser-trailer,,,,,,,,,,,,,
tt1285309,The Joneses,2010,/the-joneses,/the-joneses/trailer,Roadside Attractions|Comedy|Drama|Amber Heard|Demi Moore|David Duchovny|Ben Hollingsworth|Chris Williams|Gary Cole|Glenne Headly|Lauren Hutton,the-joneses_trailer,,,,,,,,,,,,,
tt0844708,The Last House on the Left,2009,/the-last-house-on-the-left,/the-last-house-on-the-left/trailer,Rogue Pictures|Suspense|Thriller|Tony Goldwyn|Monica Potter|Sara Paxton|Garret Dillahunt|Riki Lindhome|Martha MacIsaac,the-last-house-on-the-left_trailer,,,,,,,,,,,,,
tt0480255,The Losers,2010,/the-losers,/the-losers/trailer,Warner Bros. Pictures|Action|Adventure|Drama|Mystery|Jeffrey Dean Morgan|Zoë Saldaña|Chris Evans|Idris Elba|Columbus Short|Holt McCallany|Oscar Jaenada|Jason Patric|Peter Macdissi,the-losers_trailer,0.625,0.4068125,0.416,4.6875,-13.5150625,0.75,0.045475,0.281985625,0.802625,0.10955,0.08588125,121.497125,3.8125
tt0380510,The Lovely Bones,2010,/the-lovely-bones,/the-lovely-bones/trailer,DreamWorks Pictures|Book|Crime|Drama|Fantasy|Thriller|Horror|Mark Wahlberg|Rachel Weisz|Susan Sarandon|Stanley Tucci|Michael Imperioli|Saoirse Ronan,the-lovely-bones_trailer,,,,,,,,,,,,,
tt0859163,The Mummy: Tomb of the Dragon Emperor,2008,/mummy-tomb-dragon-emperor,/mummy-tomb-dragon-emperor/trailer,Universal Pictures|Franchise/Epic/Trilogy|Action|Adventure|Fantasy|Brendan Fraser|Maria Bello|Jet Li|John Hannah|Michelle Yeoh|Anthony Wong|Luke Ford|Isabella Leong,mummy-tomb-dragon-emperor_trailer,,,,,,,,,,,,,
tt0859163,The Mummy: Tomb of the Dragon Emperor,2008,/mummy-tomb-dragon-emperor,/mummy-tomb-dragon-emperor/teaser-trailer,Universal Pictures|Franchise/Epic/Trilogy|Action|Adventure|Fantasy|Brendan Fraser|Maria Bello|Jet Li|John Hannah|Michelle Yeoh|Anthony Wong|Luke Ford|Isabella Leong|Teaser,mummy-tomb-dragon-emperor_teaser-trailer,,,,,,,,,,,,,
tt1386588,The Other Guys,2010,/the-other-guys,/the-other-guys/trailer,Columbia Pictures|Comedy|Action|Will Ferrell|Mark Wahlberg|Eva Mendes|Michael Keaton|Steve Coogan|Ray Stevenson|Samuel L. Jackson|Dwayne Johnson,the-other-guys_trailer,,,,,,,,,,,,,
tt1041829,The Proposal,2009,/the-proposal,/the-proposal/trailer,Touchstone Pictures|Comedy|Romance|Sandra Bullock|Ryan Reynolds|Malin Akerman|Mary Steenburgen|Craig T. Nelson|Aasif Mandvi,the-proposal_trailer,,,,,,,,,,,,,
tt0359950,The Secret Life of Walter Mitty,2013,/the-secret-life-of-walter-mitty,/the-secret-life-of-walter-mitty/trailer,20th Century Fox|Adventure|Comedy|Drama|Ben Stiller|Kristen Wiig|Shirley MacLaine|Adam Scott|Kathryn Hahn|Sean Penn,the-secret-life-of-walter-mitty_trailer,,,,,,,,,,,,,
tt0484562,The Seeker: The Dark Is Rising,2007,/dark-is-rising,/dark-is-rising/feature-trailer,20th Century Fox|Book|Action|Adventure|Fantasy|Ian Mcshane|Alexander Ludwig|Frances Conroy|Christopher Eccleston|Gregory Smith,dark-is-rising_feature-trailer,,,,,,,,,,,,,
tt1285016,The Social Network,2010,/the-social-network,/the-social-network/trailer,Columbia Pictures|Drama|Jesse Eisenberg|Justin Timberlake|Andrew Garfield|Joe Mazzello|Rashida Jones,the-social-network_trailer,,,,,,,,,,,,,
tt0831887,The Spirit,2008,/the-spirit,/the-spirit/feature-trailer,Lionsgate|Bootleg|Comicbook|Action|Adventure|Gabriel Macht|Samuel L. Jackson|Scarlett Johansson|Eva Mendes,the-spirit_feature-trailer,,,,,,,,,,,,,
tt0452694,The Time Traveler's Wife,2009,/the-time-travelers-wife,/the-time-travelers-wife/trailer,New Line Cinema|Drama|Romance|Book|Rachel McAdams|Eric Bana,the-time-travelers-wife_trailer,,,,,,,,,,,,,
tt1243957,The Tourist,2010,/the-tourist,/the-tourist/trailer,Columbia Pictures|Thriller|Johnny Depp|Angelina Jolie|Paul Bettany|Rufus Sewell|Ralf Moeller,the-tourist_trailer,6.590909091,0.332345455,0.227886364,2.727272727,-18.85663636,0.681818182,0.040018182,0.674509091,0.736909091,0.186395455,0.133622727,111.0567727,3.909090909
tt1606389,The Vow,2012,/the-vow,/the-vow/feature-trailer,Sony Screen Gems|Drama|Romance|Rachel McAdams|Channing Tatum,the-vow_feature-trailer,,,,,,,,,,,,,
tt1298649,The Watch,2012,/neighborhood-watch,/neighborhood-watch/trailer,20th Century Fox|Comedy|Sci Fi|Jonah Hill|Ben Stiller|Vince Vaughn|Richard Ayoade|R. Lee Ermey,neighborhood-watch_trailer,,,,,,,,,,,,,
tt0993846,The Wolf of Wall Street,2013,/the-wolf-of-wall-street,/the-wolf-of-wall-street/trailer,Paramount Pictures|Biopic|Crime|Drama|Book|Leonardo DiCaprio|Jonah Hill|Margot Robbie|Matthew McConaughey|Kyle Chandler|Rob Rreiner|Jean Dujardin|P.J. Byrne,the-wolf-of-wall-street_trailer,,,,,,,,,,,,,
tt1758830,This Is 40,2012,/this-is-40,/this-is-40/trailer,Universal Pictures|Comedy|Paul Rudd|Leslie Mann|Melissa McCarthy|Jason Segel|Annie Mumolo,this-is-40_trailer,4.0625,0.5874375,0.4713125,6.6875,-11.991125,0.9375,0.043475,0.40828125,0.157327794,0.24674375,0.5354375,126.812375,3.9375
tt1596350,This Means War,2012,/this-means-war,/this-means-war/trailer,20th Century Fox|Action|Adventure|Comedy|Reese Witherspoon|Chris Pine|Tom Hardy|Chelsea Handler|Til Schweiger|Abigail Spencer,this-means-war_trailer,,,,,,,,,,,,,
tt1340800,Tinker Tailor Soldier Spy,2012,/tinker-tailor-soldier-spy,/tinker-tailor-soldier-spy/trailer,Optimum Releasing|Focus Features|Drama|International|Gary Oldman|Ciarán Hinds|Jared Harris|Colin Firth|Tom Hardy|Benedict Cumberbatch|Mark Strong|Svetlana Khodchenkova|Simon McBurney,tinker-tailor-soldier-spy_trailer,,,,,,,,,,,,,
tt0942385,Tropic Thunder,2008,/tropic-thunder,/tropic-thunder/trailer,"DreamWorks Pictures|Comedy|Ben Stiller|Jack Black|Robert Downey, Jr.|Nick Nolte|Danny R. McBride|Brandon T. Jackson|Jay Baruchel",tropic-thunder_trailer,,,,,,,,,,,,,
tt2083383,Trouble with the Curve,2012,/trouble-with-the-curve,/trouble-with-the-curve/trailer,Warner Bros. Pictures|Drama|Sport|Clint Eastwood|Amy Adams|Justin Timberlake|John Goodman|Robert Patrick|Matthew Lillard|Scott Eastwood|Joe Massingill,trouble-with-the-curve_trailer,1.3,0.26649,0.109475,4.4,-22.3539,0.65,0.03946,0.8005,0.7906,0.19929,0.115175,98.5168,3.85
tt1403865,True Grit,2010,/true-grit-2010,/true-grit-2010/feature-trailer,Paramount Pictures|Drama|Western|Jeff Bridges|Matt Damon|Josh Brolin|Hailee Steinfeld,true-grit-2010_feature-trailer,,,,,,,,,,,,,
tt1403865,True Grit,2010,/true-grit-2010,/true-grit-2010/trailer,Paramount Pictures|Drama|Western|Jeff Bridges|Matt Damon|Josh Brolin|Hailee Steinfeld,true-grit-2010_trailer,,,,,,,,,,,,,
tt1175491,W.,2008,/w,/w/teaser-trailer,Lionsgate|Biopic|Drama|Comedy|Josh Brolin|Elizabeth Banks|Jeffrey Wright|Thandie Newton|Richard Dreyfuss,w_teaser-trailer,,,,,,,,,,,,,
tt1175491,W.,2008,/w,/w/trailer,Lionsgate|Biopic|Drama|Comedy|Josh Brolin|Elizabeth Banks|Jeffrey Wright|Thandie Newton|Richard Dreyfuss|James Cromwell|Scott Glenn|Bruce McGill,w_trailer,,,,,,,,,,,,,
tt0910970,WALL·E,2008,/wall-e,/wall-e/teaser-trailer,Pixar Animation|Walt Disney Pictures|CG Animation|Family|Sci Fi|Teaser,wall-e_teaser-trailer,,,,,,,,,,,,,
tt1588173,Warm Bodies,2013,/warm-bodies,/warm-bodies/trailer,Summit Entertainment|Drama|Horror|Romance|Nicholas Hoult|Teresa Palmer|Rob Corddry|John Malkovich|Analeigh Tipton|Dave Franco|Cory Hardict,warm-bodies_trailer,,,,,,,,,,,,,
tt1291584,Warrior,2011,/warrior,/warrior/feature-trailer,Lionsgate|Action|Drama|Sport|Joel Edgerton|Tom Hardy|Jennifer Morrison|Nick Nolte|Noah Emmerich|Kevin Dunn,warrior_feature-trailer,6.833333333,0.229125,0.233879167,4.833333333,-23.09375,0.666666667,0.043533333,0.5471175,0.82875,0.103066667,0.097625,118.4074167,3.833333333
tt0409459,Watchmen,2009,/watchmen,/watchmen/feature-trailer,Warner Bros. Pictures|Comicbook|Patrick Wilson|Jackie Earle Haley|Matthew Goode|Billy Crudup|Jeffrey Dean Morgan|Malin Akerman|Carla Gugino,watchmen_feature-trailer,8.230769231,0.369307692,0.459753846,5.384615385,-10.68969231,0.846153846,0.099130769,0.554895385,0.214090995,0.167446154,0.324684615,119.5240769,3.846153846
tt0409459,Watchmen,2009,/watchmen,/watchmen/trailer,Warner Bros. Pictures|Comicbook|Patrick Wilson|Jackie Earle Haley|Matthew Goode|Billy Crudup|Jeffrey Dean Morgan,watchmen_trailer,8.230769231,0.369307692,0.459753846,5.384615385,-10.68969231,0.846153846,0.099130769,0.554895385,0.214090995,0.167446154,0.324684615,119.5240769,3.846153846
tt0770703,What's Your Number?,2011,/whats-your-number,/whats-your-number/trailer,20th Century Fox|Comedy|Anna Faris|Chris Evans|Dave Annable|Ari Graynor|Andy Samberg|Zachary Quinto|Joel McHale|Ed Begley Jr.|Thomas Lennon|Chris Pratt,whats-your-number_trailer,,,,,,,,,,,,,
tt0386117,Where the Wild Things Are,2009,/where-the-wild-things-are,/where-the-wild-things-are/feature-trailer,Warner Bros. Pictures|Adventure|Drama|Family|Fantasy|Catherine Keener|Max Records|Mark Ruffalo|Lauren Ambrose|James Gandolfini|Catherine O'Hara|Forest Whitaker|Book,where-the-wild-things-are_feature-trailer,29.64285714,0.486571429,0.370842857,4.357142857,-13.714,0.857142857,0.067592857,0.664857143,0.476137,0.187342857,0.264742857,108.1832143,3.857142857
tt0386117,Where the Wild Things Are,2009,/where-the-wild-things-are,/where-the-wild-things-are/trailer,Warner Bros. Pictures|Adventure|Drama|Family|Fantasy|Catherine Keener|Max Records|Mark Ruffalo|Lauren Ambrose|James Gandolfini|Catherine O'Hara|Forest Whitaker|Book,where-the-wild-things-are_trailer,29.64285714,0.486571429,0.370842857,4.357142857,-13.714,0.857142857,0.067592857,0.664857143,0.476137,0.187342857,0.264742857,108.1832143,3.857142857
tt1791682,While We're Young,2015,/while-were-young,/while-were-young/trailer,A24|Comedy|Drama|Ben Stiller|Naomi Watts|Adam Driver|Amanda Seyfried|Adam Horovitz|Charles Grodin,while-were-young_trailer,,,,,,,,,,,,,
tt1172233,Whip It,2009,/whip-it,/whip-it/trailer,Fox Searchlight|Action|Comedy|Ellen Page|Marcia Gay Harden|Kristen Wiig|Juliette Lewis|Daniel Stern|Eve,whip-it_trailer,,,,,,,,,,,,,
tt2870708,Wish I Was Here,2014,/wish-i-was-here,/wish-i-was-here/feature-trailer,Focus Features|Comedy|Drama|Zach Braff|Kate Hudson|Mandy Patinkin|Josh Gad|Ashley Greene|Joey King|Pierce Gagnon|Donald Faison|Jim Parsons,wish-i-was-here_feature-trailer,,,,,,,,,,,,,
tt2870708,Wish I Was Here,2014,/wish-i-was-here,/wish-i-was-here/trailer,Focus Features|Comedy|Drama|Zach Braff|Kate Hudson|Mandy Patinkin|Josh Gad|Ashley Greene|Joey King|Pierce Gagnon|Donald Faison,wish-i-was-here_trailer,,,,,,,,,,,,,
tt1870529,Won't Back Down,2012,/wont-back-down,/wont-back-down/trailer,20th Century Fox|Drama|Maggie Gyllenhaal|Viola Davis|Oscar Isaac|Holly Hunter|Rosie Perez|Lance Reddick|Emily Alyn Lind,wont-back-down_trailer,0,0.449095238,0.165647143,5.952380952,-23.15590476,0.476190476,0.044157143,0.772947619,0.894857143,0.11047619,0.221019048,102.3567619,3.80952381
tt1646987,Wrath of the Titans,2012,/wrath-of-the-titans,/wrath-of-the-titans/trailer,Warner Bros. Pictures|Franchise/Epic/Trilogy|Action|Adventure|Fantasy|Sam Worthington|Ralph Fiennes|Liam Neeson|Danny Huston|Édgar Ramírez|Bill Nighy|Toby Kebbell|Rosamund Pike,wrath-of-the-titans_trailer,4.9375,0.19026875,0.35181875,4.0625,-17.0269375,0.4375,0.0450625,0.26260375,0.873375,0.1398375,0.07580625,115.3676875,3.9375
tt1772341,Wreck-It Ralph,2012,/wreck-it-ralph,/wreck-it-ralph/feature-trailer,Walt Disney Pictures|CG Animation|Comedy|Adventure|John C. Reilly|Sarah Silverman|Jack McBrayer|Jane Lynch|Alan Tudyk|Ed O'Neill|Mindy Kaling|Adam Carolla|Horatio Sanz|Dennis Haysbert|Edie McClurg|Roger Craig Smith|Gerald C. Rivers|Rachael Harris|Stefanie Scott|Reuben Langdon|Kyle Hebert,wreck-it-ralph_feature-trailer,,,,,,,,,,,,,
tt1772341,Wreck-It Ralph,2012,/wreck-it-ralph,/wreck-it-ralph/trailer,Walt Disney Pictures|CG Animation|Comedy|Adventure|John C. Reilly|Sarah Silverman|Jack McBrayer|Jane Lynch,wreck-it-ralph_trailer,,,,,,,,,,,,,
tt1877832,X-Men: Days of Future Past,2014,/x-men-days-future-past,/x-men-days-future-past/feature-trailer,20th Century Fox|Action|Adventure|Comicbook|Franchise/Epic/Trilogy|Fantasy|Jennifer Lawrence|Nicholas Hoult|Hugh Jackman|Anna Paquin|Ellen Page|Peter Dinklage|Michael Fassbender|Halle Berry|James McAvoy|Ian McKellen|Patrick Stewart,x-men-days-future-past_feature-trailer,18.5,0.211581818,0.137881818,5.090909091,-23.55713636,0.681818182,0.039409091,0.677136364,0.834809091,0.113513636,0.074781818,108.9812273,3.772727273
