id,imdb_id,film_title,year,tradd_url,link,tags,filename,mp4,cheerful,passionate,sad,excited,mighty,expectant ,bar,drive,night,run,twilight,love,movie,broadway,animation,KTV hit,Oscar,advertisement,two dimensions,Disney,comic film,the 00's ,the 10's ,action,adventure,comicbook,comedy,thriller,drama,musical,war,sci fi,fantasy,crime,mystery,romance,epic,sport,family
1,tt0848228,The Avengers,2012,/the-avengers,/the-avengers/feature-trailer,"Paramount Pictures|Marvel Studios|Action|Adventure|Comicbook|Samuel L. Jackson|Robert Downey, Jr.|Chris Evans|Chris Hemsworth|Jeremy Renner|Scarlett Johansson|Tom Hiddleston|Mark Ruffalo|Clark Gregg",the-avengers_feature-trailer,https://vod-progressive.akamaized.net/exp=1614567052~acl=%2A%2F672628421.mp4%2A~hmac=67225923774e951b304981850cf239c0bc9193be72459ab42e5d0cafea9df44e/vimeo-prod-skyfire-std-us/01/4885/7/199427458/672628421.mp4?filename=The+Avengers+-+Feature+Trailer+%2853612%29.mp4,0,1,0,0,0,0,1,0,0,0,0,0,1,0,0,1,0,0,1,0,1,0,0,1,1,1,0,0,0,0,0,0,0,0,0,0,0,0,0
3,tt0416449,300,2007,/300,/300/teaser-trailer,Warner Bros. Pictures|Action|Comicbook|Teaser|Gerard Butler|Lena Headey|David Wenham|Vincent Regan|Rodrigo Santoro|Dominic West,300_teaser-trailer,https://vod-progressive.akamaized.net/exp=1614567471~acl=%2A%2F667678482.mp4%2A~hmac=9d992b7c63772cc6126d24ed16734b6e91625586b47b010656f8f1c94934c3a4/vimeo-prod-skyfire-std-us/01/4660/7/198302882/667678482.mp4?filename=300+-+Teaser+Trailer+%2835%29.mp4,0,0,0,0,0,0,0,0,0,0,0,0,1,0,0,0,0,0,0,0,0,0,0,1,0,1,0,0,0,0,1,0,0,0,0,0,0,0,0
4,tt1190080,2012,2009,/2012,/2012/trailer,Columbia Pictures|Action|Adventure|John Cusack|Amanda Peet|Chiwetel Ejiofor|Danny Glover|Thandie Newton|Oliver Platt|Thomas McCarthy|Woody Harrelson|Chin Han|Morgan Lily|Beatrice Rosen,2012_trailer,https://vod-progressive.akamaized.net/exp=1614567481~acl=%2A%2F668502326.mp4%2A~hmac=c835f9557549084810ca9ba8d61a841abd644ffae958215450149ba39a647d03/vimeo-prod-skyfire-std-us/01/4698/7/198492618/668502326.mp4?filename=2012+-+Trailer+%2811768%29.mp4,0,0,0,0,0,0,0,0,0,0,0,0,1,0,0,0,0,0,0,0,0,0,0,1,1,0,0,0,0,0,0,0,0,0,0,0,0,0,0
5,tt1022603,(500) Days of Summer,2009,/500-days-of-summer,/500-days-of-summer/trailer,Fox Searchlight|Comedy|Joseph Gordon-Levitt|Zooey Deschanel|Clark Gregg|Minka Kelly|Rachel Boston|Matthew Gray Gubler|ChloÃ« Grace Moretz,500-days-of-summer_trailer,https://vod-progressive.akamaized.net/exp=1614567486~acl=%2A%2F668404448.mp4%2A~hmac=5e34b0daa8a768bf7c65d0c757c4eb3a14a560b073e8deff4391bfc0ee317ff3/vimeo-prod-skyfire-std-us/01/4693/7/198468771/668404448.mp4?filename=500+Days+of+Summer+-+Trailer+%289268%29.mp4,0,0,0,0,0,0,1,0,0,0,0,0,1,0,0,0,0,0,0,0,0,0,0,0,0,0,1,0,0,0,0,0,0,0,0,0,0,0,0
6,tt1022603,(500) Days of Summer,2009,/500-days-of-summer,/500-days-of-summer/teaser-trailer,Fox Searchlight|Comedy|Joseph Gordon-Levitt|Zooey Deschanel|Clark Gregg|Minka Kelly|Rachel Boston|Matthew Gray Gubler|ChloÃ« Grace Moretz,500-days-of-summer_teaser-trailer,https://vod-progressive.akamaized.net/exp=1614567490~acl=%2A%2F668375387.mp4%2A~hmac=b457b85bcc77a4f2bf2d3ab59e6b374d7fc7b8075c30fabe0f5a30100c998fcc/vimeo-prod-skyfire-std-us/01/4692/7/198461571/668375387.mp4?filename=500+Days+of+Summer+-+Teaser+Trailer+%288287%29.mp4,0,0,0,0,0,0,1,0,0,0,0,0,1,0,0,0,0,0,0,0,0,0,0,0,0,0,1,0,0,0,0,0,0,0,0,0,0,0,0
8,tt2172934,3 Days to Kill,2014,/3-days-to-kill,/3-days-to-kill/trailer,Relativity Media|Thriller|Action|Kevin Costner|Amber Heard|Hailee Steinfeld|Connie Nielsen,3-days-to-kill_trailer,https://vod-progressive.akamaized.net/exp=1614567499~acl=%2A%2F674263491.mp4%2A~hmac=68fd888b37238329d94c1d19c5b66fc3e748f364d4727ec72359540dee3630ae/vimeo-prod-skyfire-std-us/01/4961/7/199806271/674263491.mp4?filename=3+Days+to+Kill+-+Trailer+%2884593%29.mp4,0,0,0,0,0,0,0,0,0,0,0,0,0,0,0,0,0,0,0,0,0,0,0,1,0,0,0,1,0,0,0,0,0,0,0,0,0,0,0
11,tt1091722,Adventureland,2009,/adventureland,/adventureland/trailer,Miramax Films|Comedy|Jesse Eisenberg|Ryan Reynolds|Kristen Stewart|Bill Hader|Kristen Wiig|South by Southwest Film Festival,adventureland_trailer,https://vod-progressive.akamaized.net/exp=1614567514~acl=%2A%2F668353026.mp4%2A~hmac=4c7c0688ab0356eaead0788f33e1d81ac5641ffb93d45a9f41780b261e8991c2/vimeo-prod-skyfire-std-us/01/4691/7/198455953/668353026.mp4?filename=Adventureland+-+Trailer+%287454%29.mp4,0,0,0,0,0,0,0,0,0,0,0,0,0,0,0,0,0,0,0,0,0,0,0,0,0,0,1,0,0,0,1,0,0,0,0,0,0,0,0
12,tt0881891,All About Steve,2009,/all-about-steve,/all-about-steve/trailer,20th Century Fox|Comedy|Sandra Bullock|Thomas Haden Church|Bradley Cooper|Sara Sanderson|Katy Mixon|Ken Jeong|M.C. Gainey|Keith David,all-about-steve_trailer,https://vod-progressive.akamaized.net/exp=1614567525~acl=%2A%2F668371410.mp4%2A~hmac=d270ca136c8020e98aab06a1a0c17615f50cf1e2655093e90da7d941f9b6f7c4/vimeo-prod-skyfire-std-us/01/4692/7/198460585/668371410.mp4?filename=All+About+Steve+-+Trailer+%288138%29.mp4,0,0,0,0,0,0,0,0,1,0,0,1,1,0,0,0,0,0,0,0,0,0,0,0,0,0,1,0,0,0,0,0,0,0,0,0,0,0,0
14,tt1823664,Annie,2014,/annie-2014,/annie-2014/feature-trailer,Sony Pictures|Comedy|Drama|Family|Musical/Broadway/Play|Remake|Jamie Foxx|QuvenzhanÃ© Wallis|Rose Byrne|Bobby Cannavale|Adewale Akinnuoye-Agbaje|David Zayas|Cameron Diaz|Musical,annie-2014_feature-trailer,https://vod-progressive.akamaized.net/exp=1614567806~acl=%2A%2F674840884.mp4%2A~hmac=07b1bebb3757ade7f7d6221d2434c77bc5ef5dc342188076df0cde607e379484/vimeo-prod-skyfire-std-us/01/4986/7/199934333/674840884.mp4?filename=Annie+-+Feature+Trailer+%2891065%29.mp4,0,0,0,0,0,0,0,0,0,0,0,0,0,0,0,0,0,0,0,0,0,0,0,0,0,0,1,0,1,1,0,0,0,0,0,0,0,0,1
15,tt1823664,Annie,2014,/annie-2014,/annie-2014/trailer,Sony Pictures|Comedy|Drama|Family|Musical/Broadway/Play|Remake|Jamie Foxx|QuvenzhanÃ© Wallis|Rose Byrne|Bobby Cannavale|Adewale Akinnuoye-Agbaje|David Zayas|Cameron Diaz|Musical,annie-2014_trailer,https://vod-progressive.akamaized.net/exp=1614557024~acl=%2Fvimeo-prod-skyfire-std-us%2F01%2F4972%2F7%2F199864724%2F674529214.mp4~hmac=1d8a6eb56ff3e968ac5dd38f92f5bbcb709ad80bfe2bcde7ad742fc6d6defc91/vimeo-prod-skyfire-std-us/01/4972/7/199864724/674529214.mp4?filename=Annie+-+Trailer+%2887482%29.mp4,0,0,0,0,0,0,0,0,0,0,0,0,0,0,0,0,0,0,0,0,0,0,0,0,0,0,1,0,1,1,0,0,0,0,0,0,0,0,1
17,tt1024648,Argo,2012,/argo,/argo/trailer,Warner Bros. Pictures|Drama|Thriller|Ben Affleck|Alan Arkin|Bryan Cranston|John Goodman|Kerry BishÃ©|Kyle Chandler|Rory Cochrane|Christopher Denham|Tate Donovan|Clea DuVall|Victor Garber,argo_trailer,https://vod-progressive.akamaized.net/exp=1614567857~acl=%2A%2F672716538.mp4%2A~hmac=a23762dea5e2c6e49d3081252a974f5032e82ca61830ac9e1c41437a77a6bcc0/vimeo-prod-skyfire-std-us/01/4889/7/199449053/672716538.mp4?filename=Argo+-+Trailer+%2856445%29.mp4,0,0,0,0,0,0,0,0,0,0,0,0,0,0,0,0,0,0,0,0,0,0,0,0,0,0,0,1,1,0,1,0,0,0,0,0,0,0,0
18,tt0375568,Astro Boy,2009,/astro-boy,/astro-boy/teaser-trailer,Summit Entertainment|Adventure|CG Animation|Television|Teaser,astro-boy_teaser-trailer,https://vod-progressive.akamaized.net/exp=1614567881~acl=%2A%2F668352767.mp4%2A~hmac=98156bcf78bdfae26f215afdd678fa00e941d6415e84fe047337fe03979ae087/vimeo-prod-skyfire-std-us/01/4691/7/198455901/668352767.mp4?filename=Astro+Boy+-+Teaser+Trailer+%287448%29.mp4,0,0,0,0,0,0,0,0,0,0,0,0,1,0,0,0,0,0,1,0,0,0,0,0,1,0,0,0,0,0,0,0,0,0,0,0,0,0,0
19,tt0783233,Atonement,2008,/atonement,/atonement/trailer,Focus Features|Drama|Romance|Keira Knightley|James McAvoy|Romola Garai|Vanessa Redgrave|Brenda Blethyn,atonement_trailer,https://vod-progressive.akamaized.net/exp=1614567906~acl=%2A%2F668040903.mp4%2A~hmac=c72934059a3b4b52f82fcd43e0918849148317654f0809607bb9b40a14ee5aad/vimeo-prod-skyfire-std-us/01/4676/7/198384890/668040903.mp4?filename=Atonement+-+Trailer+%28608%29.mp4,0,0,0,0,0,0,0,0,0,0,0,0,1,0,0,0,0,0,0,0,0,0,0,0,0,0,0,0,1,0,0,0,0,0,0,1,0,0,0
22,tt0499549,Avatar,2009,/avatar,/avatar/trailer-b,20th Century Fox|Action|Adventure|Sci Fi|Sigourney Weaver|Stephen Lang|ZoÃ« SaldaÃ±a|Sam Worthington|Michelle Rodriguez|Giovanni Ribisi|Joel David Moore|CCH Pounder|Peter Mensah|Laz Alonso|Wes Studi|Matt Gerald,avatar_trailer-b,https://vod-progressive.akamaized.net/exp=1614567954~acl=%2A%2F668628471.mp4%2A~hmac=3b58f0d02c52ea62311c403e3a8c26d5ac1d59ca018e4754d8ddac8a161a19dc/vimeo-prod-skyfire-std-us/01/4704/7/198522606/668628471.mp4?filename=Avatar+-+Feature+Trailer+%2815274%29.mp4,0,0,0,0,0,0,0,0,0,0,0,0,1,0,0,0,1,0,0,0,0,0,0,1,1,0,0,0,0,0,0,1,0,0,0,0,0,0,0
25,tt0159273,Behind Enemy Lines,2001,/behind-enemy-lines,/behind-enemy-lines/trailer,20th Century Fox|Action|War|Owen Wilson|Gabriel Macht|Gene Hackman|Joaquim De Almeida|Vladimir Mashkov|David Keith|Olek Krupa,behind-enemy-lines_trailer,https://vod-progressive.akamaized.net/exp=1614568013~acl=%2A%2F668371087.mp4%2A~hmac=10747e7dc2ee55cc2e255228ce3fb32ecf1e496aff9c594645b1a2a46a5e39bc/vimeo-prod-skyfire-std-us/01/4692/7/198460521/668371087.mp4?filename=Behind+Enemy+Lines+-+Trailer+%288128%29.mp4,0,1,0,0,0,0,1,0,0,0,0,0,0,0,0,0,0,0,0,0,0,0,0,1,0,0,0,0,0,0,1,0,0,0,0,0,0,0,0
26,tt0265086,Black Hawk Down,2002,/black-hawk-down,/black-hawk-down/teaser-trailer,Columbia Pictures|Historical|Action|Drama|War|Teaser|Josh Hartnett|Tom Sizemore|Ewan McGregor|Sam Shepard,black-hawk-down_teaser-trailer,https://vod-progressive.akamaized.net/exp=1614568045~acl=%2A%2F668515894.mp4%2A~hmac=e9ae1aac865ea2baadcb65790c1a8455061182dd1831cd23d2097a6b81a315db/vimeo-prod-skyfire-std-us/01/4699/7/198495804/668515894.mp4?filename=Black+Hawk+Down+-+Teaser+Trailer+%2812084%29.mp4,0,0,0,0,0,0,0,0,0,0,0,0,1,0,0,0,0,0,0,0,0,0,0,1,0,0,0,0,1,0,1,0,0,0,0,0,0,0,0
27,tt1825683,Black Panther,2018,/black-panther-2018,/black-panther-2018/teaser-trailer,Marvel Studios|Walt Disney Pictures|Comicbook|Action|Sci Fi|Fantasy|Teaser|Chadwick Boseman|Danai Gurira|Lupita Nyong'o|Michael B. Jordan|Martin Freeman|Daniel Kaluuya|Angela Bassett|Andy Serkis|Sterling K. Brown|Isaach De BankolÃ©|Forest Whitaker,black-panther-2018_teaser-trailer,https://vod-progressive.akamaized.net/exp=1614568053~acl=%2A%2F770456253.mp4%2A~hmac=165dae2f0bf077f116753d63cda44f01f668e801bd80a2a0ef9e0c9980e34743/vimeo-prod-skyfire-std-us/01/4209/8/221047475/770456253.mp4?filename=Black+Panther+-+Teaser+Trailer+%28119282%29.mp4,0,0,0,0,0,0,0,0,0,0,0,0,1,0,0,0,0,0,1,0,1,0,0,1,0,1,0,0,0,0,0,1,1,0,0,0,0,0,0
35,tt1371111,Cloud Atlas,2012,/cloud-atlas,/cloud-atlas/trailer,Warner Bros. Pictures|Drama|Fantasy|Sci Fi|Book|Tom Hanks|Halle Berry|Jim Broadbent|Hugo Weaving|Jim Sturgess|Doona Bae|Ben Whishaw|James D'Arcy|Xun Zhou|Keith David|David Gyasi|Susan Sarandon|Hugh Grant,cloud-atlas_trailer,https://vod-progressive.akamaized.net/exp=1614557385~acl=%2Fvimeo-prod-skyfire-std-us%2F01%2F4897%2F7%2F199486412%2F672875938.mp4~hmac=d79a5f42eed356efb0bed899226e410d376aefac2084147e337874941d2163fa/vimeo-prod-skyfire-std-us/01/4897/7/199486412/672875938.mp4?filename=Cloud+Atlas+-+Trailer+%2859836%29.mp4,0,0,0,0,1,1,0,1,0,0,0,1,1,0,0,0,0,1,0,0,0,0,0,0,0,0,0,0,1,0,1,1,1,0,0,0,0,0,0
36,tt0844471,Cloudy with a Chance of Meatballs,2009,/cloudy-wuth-a-chance-of-meatballs,/cloudy-wuth-a-chance-of-meatballs/feature-trailer,Columbia Pictures|CG Animation|Book|Family|Comedy|Bill Hader|Anna Faris|James Caan|Bruce Campbell|Andy Samberg|Mr T.|Tracy Morgan,cloudy-wuth-a-chance-of-meatballs_feature-trailer,https://vod-progressive.akamaized.net/exp=1614568216~acl=%2A%2F668513952.mp4%2A~hmac=048fe017d35d1dbadff92f21a3009a80bfd4293a840044a775e84971bec0f7de/vimeo-prod-skyfire-std-us/01/4699/7/198495351/668513952.mp4?filename=Cloudy+with+a+Chance+of+Meatballs+-+Trailer+%2812029%29.mp4,1,0,0,0,0,0,0,1,0,0,0,0,0,0,0,0,0,0,0,0,0,0,0,0,0,0,1,0,0,0,0,0,0,0,0,0,0,0,1
37,tt0345074,Connie and Carla,2004,/connie-and-carla,/connie-and-carla/trailer,Universal Pictures|Comedy|Nia Vardalos|Toni Collette|David Duchovny,connie-and-carla_trailer,https://vod-progressive.akamaized.net/exp=1614568237~acl=%2A%2F668439495.mp4%2A~hmac=d33105162bd7e5cdabfe755a413e69fc35bc47eb6f468e60a21627855bb5a666/vimeo-prod-skyfire-std-us/01/4695/7/198477587/668439495.mp4?filename=Connie+and+Carla+-+Trailer+%2810260%29.mp4,0,0,0,0,0,0,0,0,0,0,0,0,1,1,0,0,0,0,0,0,0,0,0,0,0,0,1,0,0,0,0,0,0,0,0,0,0,0,0
38,tt0121164,Corpse Bride,2005,/corpse-bride,/corpse-bride/teaser-trailer,Warner Bros. Pictures|Teaser|Stop Motion Animation|Johnny Depp|Helena Bonham Carter|Emily Watson,corpse-bride_teaser-trailer,https://vod-progressive.akamaized.net/exp=1614568248~acl=%2A%2F668377306.mp4%2A~hmac=cde22cef56f64335a5706ae8d4422fec52e2afe756e7ce3f8ddda11e3ce157f4/vimeo-prod-skyfire-std-us/01/4692/7/198462071/668377306.mp4?filename=Tim+Burton%27s+Corpse+Bride+-+Teaser+Trailer+%288359%29.mp4,0,0,0,0,0,0,0,0,0,0,0,0,0,0,0,0,0,0,0,0,0,0,0,0,0,0,0,0,0,0,1,0,0,0,0,0,0,0,0
39,tt0121164,Corpse Bride,2005,/corpse-bride,/corpse-bride/trailer,Warner Bros. Pictures|Stop Motion Animation|Johnny Depp|Helena Bonham Carter|Emily Watson,corpse-bride_trailer,https://vod-progressive.akamaized.net/exp=1614568256~acl=%2A%2F668377319.mp4%2A~hmac=208a4faa87dba4ebf1356b589dca546f3b551fc8c13f4f053fd769e3a0cb253c/vimeo-prod-skyfire-std-us/01/4692/7/198462072/668377319.mp4?filename=Tim+Burton%27s+Corpse+Bride+-+Trailer+%288360%29.mp4,0,0,0,0,0,0,0,0,0,0,0,0,0,0,0,0,0,0,0,0,0,0,0,0,0,0,0,0,0,0,1,0,0,0,0,0,0,0,0
45,tt1137450,Death Wish,2018,/death-wish,/death-wish/feature-trailer,Annapurna Pictures|Action|Crime|Drama|Book|Bruce Willis|Elisabeth Shue|Metro Goldwyn Mayer (MGM)|Vincent D'Onofrio|Kimberly Elise|Dean Norris|Camila Morrone,death-wish_feature-trailer,https://vod-progressive.akamaized.net/exp=1614568343~acl=%2A%2F904877115.mp4%2A~hmac=f3ab8d614da27098531d38b6cff945bf8e1f5d13079400cdf279d35e39b26abb/vimeo-prod-skyfire-std-us/01/4906/9/249533754/904877115.mp4?filename=Death+Wish+-+Feature+Trailer+%28122086%29.mp4,0,0,0,0,0,0,0,0,0,0,0,0,0,0,0,0,0,0,0,0,0,0,0,1,0,0,0,0,1,0,0,0,0,1,0,0,0,0,0
47,tt0879870,Eat Pray Love,2010,/eat-pray-love,/eat-pray-love/trailer,Columbia Pictures|Comedy|Drama|Book|Julia Roberts|Richard Jenkins|Javier Bardem|Viola Davis|Billy Crudup,eat-pray-love_trailer,https://vod-progressive.akamaized.net/exp=1614568381~acl=%2A%2F668746902.mp4%2A~hmac=763a7f779776e17a4f2dd0eff4b19884abb6b65471be5a552a2c6ee10ad9d4c5/vimeo-prod-skyfire-std-us/01/4710/7/198552434/668746902.mp4?filename=Eat%2C+Pray%2C+Love+-+Trailer+%2819789%29.mp4,0,0,0,0,0,0,0,0,0,0,0,0,0,0,0,0,0,0,0,0,0,0,0,0,0,0,1,0,1,0,0,0,0,0,0,0,0,0,0
48,tt1631867,Edge of Tomorrow,2014,/edge-of-tomorrow,/edge-of-tomorrow/feature-trailer,Warner Bros. Pictures|Book|Action|Sci Fi|Tom Cruise|Emily Blunt,edge-of-tomorrow_feature-trailer,https://vod-progressive.akamaized.net/exp=1614568396~acl=%2A%2F674627814.mp4%2A~hmac=de928c4735cb7f255229ad5033591889f151cb4c7dd91b0a0f3c17e724ff396c/vimeo-prod-skyfire-std-us/01/4977/7/199886429/674627814.mp4?filename=Edge+of+Tomorrow+-+Feature+Trailer+%2888420%29.mp4,0,0,0,0,0,0,0,0,0,0,0,0,0,0,0,0,0,0,0,0,0,0,0,1,0,0,0,0,0,0,1,1,0,0,0,0,0,0,0
49,tt1631867,Edge of Tomorrow,2014,/edge-of-tomorrow,/edge-of-tomorrow/trailer,Warner Bros. Pictures|Book|Action|Sci Fi|Tom Cruise|Emily Blunt|Bill Paxton|Kick Gurry|Dragomir Mrsic|Charlotte Riley|Jonas Armstrong|Franz Drameh,edge-of-tomorrow_trailer,https://vod-progressive.akamaized.net/exp=1614568419~acl=%2A%2F674245877.mp4%2A~hmac=3627d38fc60d37e71586680a343c5e26d79dcfa1175b41af4ecede02f09018a7/vimeo-prod-skyfire-std-us/01/4960/7/199802292/674245877.mp4?filename=Edge+of+Tomorrow+-+Trailer+%2884341%29.mp4,0,0,0,0,0,0,0,0,0,0,0,0,0,0,0,0,0,0,0,0,0,0,0,1,0,0,0,0,0,0,1,1,0,0,0,0,0,0,0
50,tt1674771,Entourage,2015,/entourage,/entourage/trailer,Warner Bros. Pictures|Comedy|Television|Billy Bob Thornton|Jeremy Piven|Nora Dunn|Emmanuelle Chriqui|Kevin Dillon|Debi Mazar|Adrian Grenier|Jerry Ferrara|Rhys Coiro|Kevin Connolly|Haley Joel Osment|Constance Zimmer|Perrey Reeves|Emily Ratajkowski|Rex Lee,entourage_trailer,https://vod-progressive.akamaized.net/exp=1614568447~acl=%2A%2F675369416.mp4%2A~hmac=01e920893eeebd8e062e311decf18292afc23edccf273b342fed86b98b427831/vimeo-prod-skyfire-std-us/01/11/8/200056283/675369416.mp4?filename=Entourage+-+Trailer+%2898116%29.mp4,1,0,0,1,0,0,1,1,0,0,1,0,0,0,0,0,0,0,0,0,0,0,0,0,0,0,1,0,0,0,1,0,0,0,0,0,0,0,0
51,tt0848537,Epic,2013,/epic-2013,/epic-2013/feature-trailer,20th Century Fox|CG Animation|Adventure|Action|Josh Hutcherson|Amanda Seyfried|Aziz Ansari|Colin Farrell|Christoph Waltz|Jason Sudeikis,epic-2013_feature-trailer,https://vod-progressive.akamaized.net/exp=1614567511~acl=%2A%2F673080321.mp4%2A~hmac=d5eeeef32b5650ffe99ba2381ed53baade71d7b99abbe64a60845ac9ff67967d/vimeo-prod-skyfire-std-us/01/4907/7/199535858/673080321.mp4?filename=Epic+-+Feature+Trailer+%2866239%29.mp4,0,0,0,0,0,0,0,0,0,0,0,0,1,0,1,0,0,0,1,0,0,0,0,1,1,0,0,0,0,0,0,0,0,0,0,0,0,0,0
52,tt0848537,Epic,2013,/epic-2013,/epic-2013/trailer,20th Century Fox|CG Animation|Adventure|Action|Teaser|Josh Hutcherson|Amanda Seyfried|Aziz Ansari,epic-2013_trailer,https://vod-progressive.akamaized.net/exp=1614568485~acl=%2A%2F672828290.mp4%2A~hmac=95ffb987407908a0c95920040463e562050282e52dc0a5760d84133e8ba69fac/vimeo-prod-skyfire-std-us/01/4895/7/199475236/672828290.mp4?filename=Epic+-+Trailer+%2858779%29.mp4,0,0,0,0,0,0,0,0,0,0,0,0,1,0,1,0,0,0,1,0,0,0,0,1,1,0,0,0,0,0,0,0,0,0,0,0,0,0,0
55,tt0120663,Eyes Wide Shut,1999,/eyes-wide-shut,/eyes-wide-shut/feature-trailer,Warner Bros. Pictures|Drama|Mystery|Romance|Tom Cruise|Nicole Kidman|Sydney Pollack|Leelee Sobieski|Marie Richardson|Rade Serbedzija|Todd Field|Vinessa Shaw|Sky du Mont|Fay Masterson,eyes-wide-shut_feature-trailer,https://vod-progressive.akamaized.net/exp=1614568541~acl=%2A%2F675271004.mp4%2A~hmac=abad182438c3e6a94f9838af0c946cea267eefadeb080f4a2505429f0bbf0c9a/vimeo-prod-skyfire-std-us/01/6/8/200034136/675271004.mp4?filename=Eyes+Wide+Shut+-+Feature+Trailer+%2897148%29.mp4,0,0,0,0,0,0,0,0,0,0,0,0,1,0,0,0,0,0,0,0,0,0,0,0,0,0,0,0,1,0,1,0,0,0,1,1,0,0,0
56,tt0120663,Eyes Wide Shut,1999,/eyes-wide-shut,/eyes-wide-shut/trailer,Warner Bros. Pictures|Drama|Mystery|Romance|Tom Cruise|Nicole Kidman|Sydney Pollack|Leelee Sobieski,eyes-wide-shut_trailer,https://vod-progressive.akamaized.net/exp=1614568551~acl=%2A%2F675271034.mp4%2A~hmac=7017bf5e87ed18b2792e43c7980f39811b99e2b1308881cbdc2b0c1709c8534f/vimeo-prod-skyfire-std-us/01/6/8/200034134/675271034.mp4?filename=Eyes+Wide+Shut+-+Trailer+%2897147%29.mp4,0,0,0,0,0,0,0,0,0,0,0,0,1,0,0,0,0,0,0,0,0,0,0,0,0,0,0,0,1,0,1,0,0,0,1,1,0,0,0
57,tt1013752,Fast & Furious,2009,/fast-and-furious-2009,/fast-and-furious-2009/trailer,Universal Pictures|Franchise/Epic/Trilogy|Action|Thriller|Vin Diesel|Paul Walker|Michelle Rodriguez|Jordana Brewster,fast-and-furious-2009_trailer,https://vod-progressive.akamaized.net/exp=1614568566~acl=%2A%2F668320846.mp4%2A~hmac=5168f6ab8456b3cda9f5c6b2f58748c45854a8bd3093a760775bdfc4665cd0c8/vimeo-prod-skyfire-std-us/01/4689/7/198447683/668320846.mp4?filename=Fast+%26+Furious+-+Trailer+%286150%29.mp4,0,0,0,0,0,0,1,0,0,0,0,0,1,0,0,0,0,0,0,0,0,0,0,1,0,0,0,1,0,0,0,0,0,0,0,0,1,0,0
60,tt2322441,Fifty Shades of Grey,2015,/fifty-shades-of-grey,/fifty-shades-of-grey/trailer,Focus Features|Book|Drama|Romance|Jamie Dornan|Dakota Johnson,fifty-shades-of-grey_trailer,https://vod-progressive.akamaized.net/exp=1614568608~acl=%2A%2F674932446.mp4%2A~hmac=cfe54aa84669c7408d8d7ace7116e57065fe150cf2efbde216e385707cf84f5e/vimeo-prod-skyfire-std-us/01/4991/7/199956249/674932446.mp4?filename=Fifty+Shades+of+Grey+-+Trailer+%2892829%29.mp4,0,0,0,0,0,0,1,0,0,0,0,1,1,0,0,1,0,0,0,0,0,0,0,0,0,0,0,0,1,0,0,0,0,0,0,1,0,0,0
63,tt2381941,Focus,2015,/focus-2014,/focus-2014/trailer,Warner Bros. Pictures|Comedy|Crime|Romance|Margot Robbie|Will Smith|Rodrigo Santoro|BD Wong|Gerald McRaney|Robert Taylor|Adrian Martinez|Brennan Brown,focus-2014_trailer,https://vod-progressive.akamaized.net/exp=1614568673~acl=%2A%2F675116552.mp4%2A~hmac=754690980bfd13003354d24f45183a056252e5f1e2d7e793545311ae11d0418b/vimeo-prod-skyfire-std-us/01/4999/7/199999843/675116552.mp4?filename=Focus+-+Trailer+%2895650%29.mp4,0,1,0,0,0,0,0,0,0,1,0,0,0,0,0,0,0,0,0,0,0,0,0,0,0,0,1,0,0,0,1,0,0,1,0,1,0,0,0
64,tt0390022,Friday Night Lights,2004,/friday-night-lights,/friday-night-lights/trailer,Universal Pictures|Sport|Drama|Billy Bob Thornton|Jay Hernandez|Tim McGraw|Lucas Black|Derek Luke|Lee Thompson Young|Connie Britton|Garrett Hedlund,friday-night-lights_trailer,https://vod-progressive.akamaized.net/exp=1614568694~acl=%2A%2F667969977.mp4%2A~hmac=1e808b82f3e7c11052848b8c229a89c0f449f588493ef92d77c916d536f0b9d1/vimeo-prod-skyfire-std-us/01/4673/7/198369655/667969977.mp4?filename=Friday+Night+Lights+-+Trailer+%28495%29.mp4,0,0,0,0,0,0,0,0,0,0,0,0,0,0,0,0,0,0,0,0,0,0,0,0,0,0,0,0,1,0,0,0,0,0,0,0,0,1,0
68,tt1321870,Gangster Squad,2013,/the-gangster-squad,/the-gangster-squad/feature-trailer,Warner Bros. Pictures|Crime|Action|Josh Brolin|Ryan Gosling|Nick Nolte|Robert Patrick|Michael PeÃ±a|Giovanni Ribisi|Anthony Mackie|Emma Stone|Sean Penn,the-gangster-squad_feature-trailer,https://vod-progressive.akamaized.net/exp=1614568762~acl=%2A%2F673170958.mp4%2A~hmac=1d3ad6ca1c99596017f2a33cd2d320200da4b024c1aaaff46b6b9c3e78fe25f9/vimeo-prod-skyfire-std-us/01/4911/7/199558128/673170958.mp4?filename=Gangster+Squad+-+Feature+Trailer+%2868264%29.mp4,0,0,0,0,0,0,0,0,0,0,0,0,1,0,0,0,0,0,0,0,0,0,0,1,0,0,0,0,0,0,1,0,0,1,0,0,0,0,0
69,tt1321870,Gangster Squad,2013,/the-gangster-squad,/the-gangster-squad/trailer,Warner Bros. Pictures|Crime|Action|Josh Brolin|Ryan Gosling|Nick Nolte|Robert Patrick|Michael PeÃ±a|Giovanni Ribisi|Anthony Mackie|Emma Stone|Sean Penn,the-gangster-squad_trailer,https://vod-progressive.akamaized.net/exp=1614565364~acl=%2A%2F672718471.mp4%2A~hmac=79d84ae12653a8ac063dadbf5cb0ed35404663a65114ed351593d8d9e35a234c/vimeo-prod-skyfire-std-us/01/4889/7/199449532/672718471.mp4?filename=Gangster+Squad+-+Trailer+%2856490%29.mp4,0,0,0,0,0,0,0,0,0,0,0,0,1,0,0,0,0,0,0,0,0,0,0,1,0,0,0,0,0,0,1,0,0,1,0,0,0,0,0
72,tt2191701,Grown Ups 2,2013,/grown-ups-2,/grown-ups-2/trailer,Sony Pictures|Comedy|Franchise/Epic/Trilogy|Adam Sandler|Kevin James|Chris Rock|David Spade|Salma Hayek|Maya Rudolph|Maria Bello|Nick Swardson|Taylor Lautner|Milo Ventimiglia|Andy Samberg|Will Forte|Shaquille O'Neal,grown-ups-2_trailer,https://vod-progressive.akamaized.net/exp=1614568834~acl=%2A%2F673437877.mp4%2A~hmac=4dd877e0088aba992c9a0bf189e2648d6ffcb04f06b49b444c81832c320af9ef/vimeo-prod-skyfire-std-us/01/4924/7/199620715/673437877.mp4?filename=Grown+Ups+2+-+Trailer+%2872419%29.mp4,0,0,0,0,0,0,0,1,0,0,0,0,1,0,0,0,0,0,0,0,0,1,0,0,0,0,1,0,0,0,1,0,0,0,0,0,1,0,0
73,tt2015381,Guardians of the Galaxy,2014,/guardians-of-the-galaxy,/guardians-of-the-galaxy/teaser-trailer,Marvel Studios|Walt Disney Pictures|Comicbook|Action|Adventure|Sci Fi|Teaser|Chris Pratt|Dave Bautista|ZoÃ« SaldaÃ±a|Michael Rooker|Ophelia Lovibond|Lee Pace|Glenn Close|Karen Gillan|Benicio Del Toro|John C. Reilly|Djimon Hounsou,guardians-of-the-galaxy_teaser-trailer,https://vod-progressive.akamaized.net/exp=1614568863~acl=%2A%2F674706795.mp4%2A~hmac=c501a7d55cb0fe52b2ec3e97f93fd4fe139449ea1eb73ec0825197ab2c6177d3/vimeo-prod-skyfire-std-us/01/4980/7/199903990/674706795.mp4?filename=Guardians+of+the+Galaxy+-+Teaser+Trailer+%2889213%29.mp4,0,0,0,0,0,0,0,1,0,0,0,1,1,0,0,1,0,0,1,0,1,0,0,1,1,1,0,0,0,0,0,1,0,0,0,0,0,0,0
74,tt2015381,Guardians of the Galaxy,2014,/guardians-of-the-galaxy,/guardians-of-the-galaxy/trailer,Marvel Studios|Walt Disney Pictures|Comicbook|Action|Adventure|Sci Fi|Chris Pratt|Dave Bautista|ZoÃ« SaldaÃ±a|Michael Rooker|Ophelia Lovibond|Lee Pace|Glenn Close|Karen Gillan|Benicio Del Toro|John C. Reilly|Djimon Hounsou,guardians-of-the-galaxy_trailer,https://vod-progressive.akamaized.net/exp=1614568873~acl=%2A%2F674469248.mp4%2A~hmac=fb1e1af32960e28d4d5870a5256e3d3eb6daeea72348dd2c90d2daa9350a973d/vimeo-prod-skyfire-std-us/01/4970/7/199851660/674469248.mp4?filename=Guardians+of+the+Galaxy+-+Trailer+%2886922%29.mp4,0,0,0,0,0,0,0,1,0,0,0,1,1,0,0,1,0,0,1,0,1,0,0,1,1,1,0,0,0,0,0,1,0,0,0,0,0,0,0
78,tt1201607,Harry Potter and the Deathly Hallows: Part 2,2011,/harry-potter-and-deathly-hallows-part-ii,/harry-potter-and-deathly-hallows-part-ii/feature-trailer,Warner Bros. Pictures|Adventure|Drama|Fantasy|Mystery|Franchise/Epic/Trilogy|Book|Romance|Daniel Radcliffe|Rupert Grint|Emma Watson|John Hurt|Ralph Fiennes|Alan Rickman|Helen McCrory|Bonnie Wright|Natalia Tena|Helena Bonham Carter,harry-potter-and-deathly-hallows-part-ii_feature-trailer,https://vod-progressive.akamaized.net/exp=1614568929~acl=%2A%2F671885395.mp4%2A~hmac=cd467cb3afbf4bf5a26417b95e088b998778fea0e852f829a2a5c600469fa536/vimeo-prod-skyfire-std-us/01/4852/7/199260296/671885395.mp4?filename=Harry+Potter+and+the+Deathly+Hallows+Part+II+-+Feature+Trailer+%2841340%29.mp4,0,0,0,0,0,0,0,0,0,0,0,0,1,0,0,0,0,0,0,0,0,0,1,0,1,0,0,0,1,0,1,0,1,0,1,1,1,0,0
79,tt0330373,Harry Potter and the Goblet of Fire,2005,/harry-potter-goblet-fire,/harry-potter-goblet-fire/trailer,Warner Bros. Pictures|Franchise/Epic/Trilogy|Book|Adventure|Fantasy|Daniel Radcliffe|Rupert Grint|Emma Watson|Michael Gambon|Stanislav Ianevski|Robert Pattinson|ClÃ©mence PoÃ©sy|Katie Leung|Maggie Smith|Brendan Gleeson|Alan Rickman|Timothy Spall|Miranda Richardson|Ralph Fiennes,harry-potter-goblet-fire_trailer,https://vod-progressive.akamaized.net/exp=1614568943~acl=%2A%2F668321703.mp4%2A~hmac=60c4a16db8098ad22639e101639e36b7cd91e70dee961763e13a851b4a8f6d36/vimeo-prod-skyfire-std-us/01/4689/7/198447899/668321703.mp4?filename=Harry+Potter+and+the+Goblet+of+Fire+-+Trailer+%286189%29.mp4,0,0,0,0,0,0,0,0,0,0,0,0,1,0,0,0,0,0,0,0,0,0,0,0,1,0,0,0,0,0,1,0,1,0,0,0,1,0,0
82,tt0411477,Hellboy II: The Golden Army,2008,/hellboy-ii-golden-army,/hellboy-ii-golden-army/trailer,Universal Pictures|Franchise/Epic/Trilogy|Action|Adventure|Fantasy|Comicbook|Ron Perlman|Selma Blair|Luke Goss,hellboy-ii-golden-army_trailer,https://vod-progressive.akamaized.net/exp=1614568993~acl=%2A%2F668229103.mp4%2A~hmac=d39592975f4c9fc59c89ebe577aa75fcf68946f8ada70adbc643d0e6cb0297e1/vimeo-prod-skyfire-std-us/01/4685/7/198425779/668229103.mp4?filename=Hellboy+II%3A+The+Golden+Army+-+Trailer+%283079%29.mp4,0,0,0,0,0,0,0,0,0,0,0,0,1,0,0,0,0,0,0,0,0,0,0,1,1,1,0,0,0,0,0,0,1,0,0,0,1,0,0
83,tt1267297,Hercules,2014,/hercules-2014,/hercules-2014/feature-trailer,Metro Goldwyn Mayer (MGM)|Paramount Pictures|Action|Adventure|Fantasy|Dwayne Johnson|Ian Mcshane|Joseph Fiennes|John Hurt|Rufus Sewell|Peter Mullan|Ingrid BolsÃ¸ Berdal|Aksel Hennie|Reece Ritchie,hercules-2014_feature-trailer,https://vod-progressive.akamaized.net/exp=1614569008~acl=%2A%2F674850824.mp4%2A~hmac=417c792f06d0f3521f5b166c3ddd361f735bf360be93aace991ec1e4cedf60a1/vimeo-prod-skyfire-std-us/01/4987/7/199936630/674850824.mp4?filename=Hercules+-+Feature+Trailer+%2891231%29.mp4,0,0,0,0,0,0,0,0,0,0,0,0,1,0,0,0,0,0,0,0,0,0,0,1,1,0,0,0,0,0,0,0,1,0,0,0,0,0,0
86,tt1355630,If I Stay,2014,/if-i-stay,/if-i-stay/feature-trailer,Warner Bros. Pictures|Metro Goldwyn Mayer (MGM)|Book|Drama|ChloÃ« Grace Moretz|Mireille Enos|Jamie Blackley|Stacy Keach|Joshua Leonard,if-i-stay_feature-trailer,https://vod-progressive.akamaized.net/exp=1614558276~acl=%2Fvimeo-prod-skyfire-std-us%2F01%2F4991%2F7%2F199955383%2F674929009.mp4~hmac=89f493751cc23344c80fa20ae8258b7ccafc44b75b042dcc9330d09b14257110/vimeo-prod-skyfire-std-us/01/4991/7/199955383/674929009.mp4?filename=If+I+Stay+-+Feature+Trailer+%2892767%29.mp4,0,0,0,0,0,0,0,1,0,0,0,1,1,0,0,0,0,0,0,0,0,0,0,0,0,0,0,0,1,0,1,0,0,0,0,0,0,0,0
87,tt1355630,If I Stay,2014,/if-i-stay,/if-i-stay/trailer,Warner Bros. Pictures|Metro Goldwyn Mayer (MGM)|Drama|ChloÃ« Grace Moretz|Mireille Enos|Jamie Blackley,if-i-stay_trailer,https://vod-progressive.akamaized.net/exp=1614569096~acl=%2A%2F674719763.mp4%2A~hmac=1cd8bdbdd81cffaeae2982ccd3d4d255532ef2efcc01d2bddbcdb22db8cf0def/vimeo-prod-skyfire-std-us/01/4981/7/199906909/674719763.mp4?filename=If+I+Stay+-+Trailer+%2889355%29.mp4,0,0,0,0,0,0,0,1,0,0,0,1,1,0,0,0,0,0,0,0,0,0,0,0,0,0,0,0,1,0,1,0,0,0,0,0,0,0,0
91,tt2096673,Inside Out,2015,/inside-out-2015,/inside-out-2015/teaser-trailer,Walt Disney Pictures|Pixar Animation|Family|CG Animation|Teaser|Amy Poehler|Mindy Kaling|Bill Hader|Phyllis Smith|Lewis Black,inside-out-2015_teaser-trailer,https://vod-progressive.akamaized.net/exp=1614569187~acl=%2A%2F675087538.mp4%2A~hmac=c8e5b389463650b35cc9a79b92a8aa9f22455bbb86379df9e8b269acd28240e0/vimeo-prod-skyfire-std-us/01/4998/7/199992628/675087538.mp4?filename=Inside+Out+-+Teaser+Trailer+%2895312%29.mp4,0,0,0,0,0,0,0,0,0,0,0,0,1,0,1,0,0,0,1,1,0,0,0,0,0,0,0,0,0,0,0,0,0,0,0,0,0,0,1
94,tt1228705,Iron Man 2,2010,/iron-man-2,/iron-man-2/feature-trailer,"Comicbook|Action|Marvel Studios|Paramount Pictures|Franchise/Epic/Trilogy|Gwyneth Paltrow|Don Cheadle|Mickey Rourke|Sam Rockwell|Samuel L. Jackson|Scarlett Johansson|Garry Shandling|Robert Downey, Jr.",iron-man-2_feature-trailer,https://vod-progressive.akamaized.net/exp=1614569253~acl=%2A%2F668735589.mp4%2A~hmac=107a1e5137a42bb86c1c78404a55ec6c110acdb0e6d99ad3cad67bf739ca2967/vimeo-prod-skyfire-std-us/01/4709/7/198549625/668735589.mp4?filename=Iron+Man+2+-+Feature+Trailer+%2819379%29.mp4,0,1,0,0,0,0,1,0,0,0,0,0,1,0,0,0,0,0,1,0,1,0,0,1,0,1,0,0,0,0,0,0,0,0,0,0,1,0,0
95,tt1228705,Iron Man 2,2010,/iron-man-2,/iron-man-2/trailer,"Comicbook|Action|Marvel Studios|Paramount Pictures|Franchise/Epic/Trilogy|Gwyneth Paltrow|Don Cheadle|Mickey Rourke|Sam Rockwell|Samuel L. Jackson|Scarlett Johansson|Garry Shandling|Robert Downey, Jr.",iron-man-2_trailer,https://vod-progressive.akamaized.net/exp=1614569271~acl=%2A%2F668678059.mp4%2A~hmac=8aaaf6e01e1512deadb51df51eac7e6a7889ce511e6d120721df208ad906386e/vimeo-prod-skyfire-std-us/01/4706/7/198534983/668678059.mp4?filename=Iron+Man+2+-+Trailer+%2817044%29.mp4,0,1,0,0,0,0,1,0,0,0,0,0,1,0,0,0,0,0,1,0,1,0,0,1,0,1,0,0,0,0,0,0,0,0,0,0,1,0,0
96,tt1351685,Jack the Giant Slayer,2013,/jack-the-giant-killer,/jack-the-giant-killer/feature-trailer,New Line Cinema|Warner Bros. Pictures|Book|Fantasy|Action|Adventure|Nicholas Hoult|Eleanor Tomlinson|Stanley Tucci|Ewan McGregor|Ian Mcshane|Raine McCormack|Eddie Marson|Ewen Bremner,jack-the-giant-killer_feature-trailer,https://vod-progressive.akamaized.net/exp=1614569288~acl=%2A%2F673080324.mp4%2A~hmac=684aec005ac3c325946b86cf7cb9925a83f64f697da01f294bf1e2b330b2b23e/vimeo-prod-skyfire-std-us/01/4907/7/199535860/673080324.mp4?filename=Jack+the+Giant+Slayer+-+Feature+Trailer+%2866240%29.mp4,0,0,0,0,0,0,0,0,0,0,0,0,0,0,0,0,0,0,0,0,0,0,0,1,1,0,0,0,0,0,1,0,1,0,0,0,0,0,0
103,tt1277953,Madagascar 3: Europe's Most Wanted,2012,/madagascar-3,/madagascar-3/feature-trailer,Dreamworks Animation|CG Animation|Adventure|Comedy|Family|Franchise/Epic/Trilogy|Ben Stiller|Chris Rock|David Schwimmer|Jada Pinkett Smith|Sacha Baron Cohen,madagascar-3_feature-trailer,https://vod-progressive.akamaized.net/exp=1614569408~acl=%2A%2F672650704.mp4%2A~hmac=e809a2e7604e1a6dbfc0a063560cb996ddd1abd97ca643329349932913b6964e/vimeo-prod-skyfire-std-us/01/4886/7/199432940/672650704.mp4?filename=Madagascar+3%3A+Europe%27s+Most+Wanted+-+Feature+Trailer+%2854406%29.mp4,1,0,0,0,0,0,1,0,0,0,0,0,1,0,1,0,0,0,1,0,0,0,0,0,1,0,1,0,0,0,0,0,0,0,0,0,1,0,1
104,tt0175880,Magnolia,2000,/magnolia,/magnolia/trailer,New Line Cinema|Drama|Jeremy Blackman|Michael Bowen|Tom Cruise|Melinda Dillon|Henry Gibson|April Grace|Philip Baker Hall|Philip Seymour Hoffman|William H. Macy|Julianne Moore|John C. Reilly|Jason Robards|Melora Walters,magnolia_trailer,https://vod-progressive.akamaized.net/exp=1614569440~acl=%2A%2F668684357.mp4%2A~hmac=51c7ba18aeb0c3ccd1c5e34952bd9b1ba72723b3c3ce71818e6eebfca9b3b655/vimeo-prod-skyfire-std-us/01/4707/7/198536590/668684357.mp4?filename=Magnolia+-+Trailer+%2817303%29.mp4,0,0,0,0,0,0,0,1,0,0,0,0,1,0,0,0,0,0,0,0,0,0,0,0,0,0,0,0,1,0,0,0,0,0,0,0,0,0,0
105,tt0175880,Magnolia,2000,/magnolia,/magnolia/teaser-trailer,New Line Cinema|Drama|Teaser|Jeremy Blackman|Tom Cruise|Henry Gibson|April Grace|Philip Baker Hall|Philip Seymour Hoffman|William H. Macy|Julianne Moore|John C. Reilly|Jason Robards|Melora Walters,magnolia_teaser-trailer,https://vod-progressive.akamaized.net/exp=1614569454~acl=%2A%2F668684370.mp4%2A~hmac=d01b5a793b2eba7a9a3e13b3a1c8333028dd5f529b4b957329806a503e0a4531/vimeo-prod-skyfire-std-us/01/4707/7/198536587/668684370.mp4?filename=Magnolia+-+Teaser+Trailer+%2817302%29.mp4,0,0,0,0,0,0,0,1,0,0,0,0,1,0,0,0,0,0,0,0,0,0,0,0,0,0,0,0,1,0,0,0,0,0,0,0,0,0,0
106,tt0770828,Man of Steel,2013,/man-of-steel,/man-of-steel/teaser-trailer,Warner Bros. Pictures|Action|Adventure|Behind the Scenes|Comicbook|Fantasy|Franchise/Epic/Trilogy|Henry Cavill|Teaser,man-of-steel_teaser-trailer,https://vod-progressive.akamaized.net/exp=1614569467~acl=%2A%2F672862920.mp4%2A~hmac=ade8e8ec03335ed51b7a27a8d5f40be5f3c13db58ba7b8bf69e4c955faa8a488/vimeo-prod-skyfire-std-us/01/4896/7/199483414/672862920.mp4?filename=Man+of+Steel+-+Teaser+Trailer+%2859536%29.mp4,0,0,0,0,0,0,0,0,0,0,0,0,1,0,0,0,0,0,1,0,1,0,0,1,1,1,0,0,0,0,1,0,1,0,0,0,1,0,0
109,tt2097298,"McFarland, USA",2015,/mcfarland-usa,/mcfarland-usa/trailer,Walt Disney Pictures|Drama|Sport|Kevin Costner|Maria Bello|Morgan Saylor|Martha Higareda|Michael Aguero|Sergio Avelar|Hector Duran|Rafael Martinez|Johnny Ortiz|Carlos Pratts|Ramiro Rodriguez|Danny Mora|Valente Rodriguez|Vanessa Martinez|Chris Ellis,mcfarland-usa_trailer,https://vod-progressive.akamaized.net/exp=1614569516~acl=%2A%2F675205530.mp4%2A~hmac=1f490d461f56a90d36e3e9c8d6eba34a504d1ddef596d3f4fa42fa443e02abbc/vimeo-prod-skyfire-std-us/01/3/8/200019867/675205530.mp4?filename=McFarland+USA+-+Trailer+%2896545%29.mp4,0,0,0,0,0,0,0,0,0,0,0,0,1,0,0,0,0,0,0,0,0,0,0,0,0,0,0,0,1,0,0,0,0,0,0,0,0,1,0
110,tt0139462,Message in a Bottle,1999,/message-in-a-bottle,/message-in-a-bottle/trailer,Warner Bros. Pictures|Drama|Romance|Book|Kevin Costner|Robin Wright|Paul Newman|John Savage|Illeana Douglas|Robbie Coltrane,message-in-a-bottle_trailer,https://vod-progressive.akamaized.net/exp=1614569542~acl=%2A%2F676555255.mp4%2A~hmac=f3deaf0db3dfa4423f7b7a4b0c6aa7d46d6d2d4d15f30b9a22bf9442096a0685/vimeo-prod-skyfire-std-us/01/65/8/200325213/676555255.mp4?filename=Message+in+a+Bottle+-+Trailer+%28114745%29.mp4,0,0,0,0,0,0,0,0,0,0,0,0,0,0,0,0,0,0,0,0,0,0,0,0,0,0,0,0,1,0,1,0,0,0,0,1,0,0,0
111,tt0864835,Mr. Peabody & Sherman,2014,/mr-peabody-sherman,/mr-peabody-sherman/feature-trailer,Dreamworks Animation|20th Century Fox|CG Animation|Adventure|Family|Comedy|Ty Burrell|Max Charles|Ariel Winter|Allison Janney|Patrick Warburton|Stephen Colbert,mr-peabody-sherman_feature-trailer,https://vod-progressive.akamaized.net/exp=1614569552~acl=%2A%2F674329195.mp4%2A~hmac=3439df9703f7e692e046fb05be3efe735127dd2c01ce63994b64f2c02c69a5a4/vimeo-prod-skyfire-std-us/01/4964/7/199820860/674329195.mp4?filename=Mr.+Peabody+%26+Sherman+-+Feature+Trailer+%2885473%29.mp4,0,0,0,0,0,0,0,0,0,0,0,0,0,0,0,0,0,0,0,0,0,0,0,0,1,0,1,0,0,0,1,0,0,0,0,0,0,0,1
112,tt0864835,Mr. Peabody & Sherman,2014,/mr-peabody-sherman,/mr-peabody-sherman/trailer,Dreamworks Animation|20th Century Fox|CG Animation|Adventure|Family|Comedy|Ty Burrell|Max Charles|Ariel Winter|Allison Janney|Stephen Colbert|Leslie Mann|Stanley Tucci|Patrick Warburton|Lake Bell|Zach Callison|Dennis Haysbert,mr-peabody-sherman_trailer,https://vod-progressive.akamaized.net/exp=1614569579~acl=%2A%2F674148589.mp4%2A~hmac=c13a697ef1e4e43e789ce4496e5e9af8f339a8e1c362e5a02740a7c10ddd12d0/vimeo-prod-skyfire-std-us/01/4955/7/199779842/674148589.mp4?filename=Mr.+Peabody+%26+Sherman+-+Trailer+%2882455%29.mp4,0,0,0,0,0,0,0,0,0,0,0,0,0,0,0,0,0,0,0,0,0,0,0,0,1,0,1,0,0,0,1,0,0,0,0,0,0,0,1
113,tt0408306,Munich,2006,/munich,/munich/trailer,Universal Pictures|Historical|Drama|Thriller|Eric Bana|Daniel Craig|Geoffrey Rush|Lynn Cohen|Ayelet Zurer|CiarÃ¡n Hinds|Mathieu Kassovitz|Hanns Zischler,munich_trailer,https://vod-progressive.akamaized.net/exp=1614569606~acl=%2A%2F668100990.mp4%2A~hmac=5a6b74e11910218c9c21c95d014ca72b2a02a80422733166240d5c64f1fc9c9c/vimeo-prod-skyfire-std-us/01/4679/7/198397847/668100990.mp4?filename=Munich+-+Trailer+%281005%29.mp4,0,0,0,0,0,0,0,0,0,0,0,0,1,0,0,0,0,0,0,0,0,0,0,0,0,0,0,1,1,0,0,0,0,0,0,0,0,0,0
115,tt1598822,New Year's Eve,2011,/new-years-eve,/new-years-eve/feature-trailer,Katherine Heigl|Ashton Kutcher|Lea Michele|Josh Duhamel|Romance|Comedy|Warner Bros. Pictures|New Line Cinema|Zac Efron|Jessica Biel|Hilary Swank|Sarah Jessica Parker|Jon Bon Jovi|Robert De Niro|Abigail Breslin|Halle Berry|Ludacris|Hector Elizondo,new-years-eve_feature-trailer,https://vod-progressive.akamaized.net/exp=1614569649~acl=%2A%2F672183228.mp4%2A~hmac=ba5d022d6bfb4d4542939685e4280160741a15901cfeb7de24458386ed9b2484/vimeo-prod-skyfire-std-us/01/4865/7/199328791/672183228.mp4?filename=New+Year%27s+Eve+-+Feature+Trailer+%2846686%29.mp4,0,0,0,0,0,0,0,0,0,0,0,0,0,0,0,0,0,0,0,0,0,0,0,0,0,0,1,0,0,0,1,0,0,0,0,1,0,0,0
117,tt1623288,ParaNorman,2012,/paranorman,/paranorman/teaser-trailer,Focus Features|CG Animation|Comedy|Thriller|Teaser|Stop Motion Animation,paranorman_teaser-trailer,https://vod-progressive.akamaized.net/exp=1614569695~acl=%2A%2F672324668.mp4%2A~hmac=92d8585d41fee6ea59245353be04ef06e6e7c56d9881eff89400585c3ab53a3b/vimeo-prod-skyfire-std-us/01/4871/7/199359480/672324668.mp4?filename=ParaNorman+-+Teaser+Trailer+%2848157%29.mp4,0,0,0,0,0,0,0,0,0,0,0,0,1,0,1,0,0,0,1,0,0,0,0,0,0,0,1,1,0,0,0,0,0,0,0,0,0,0,0
121,tt0910936,Pineapple Express,2008,/pineapple-express,/pineapple-express/trailer,Columbia Pictures|Comedy|Seth Rogen|James Franco|Gary Cole|Rosie Perez|Danny R. McBride|Amber Heard|James Remar,pineapple-express_trailer,https://vod-progressive.akamaized.net/exp=1614569817~acl=%2A%2F668262552.mp4%2A~hmac=4dfcdb463d53c83dd297ecb08fc644a95a02ac34f632da7b010f8fa209c3c165/vimeo-prod-skyfire-std-us/01/4686/7/198433438/668262552.mp4?filename=Pineapple+Express+-+Trailer+%284027%29.mp4,0,0,0,0,0,0,1,0,0,0,0,0,0,0,0,0,0,0,0,0,0,0,0,0,0,0,1,0,0,0,0,0,0,0,0,0,0,0,0
123,tt2980706,Planes: Fire & Rescue,2014,/planes-fire-rescue,/planes-fire-rescue/trailer,Walt Disney Pictures|CG Animation|Adventure|Comedy|Family|Dane Cook|Julie Bowen|Ed Harris|Regina King|Jerry Stiller|Fred Willard,planes-fire-rescue_trailer,https://vod-progressive.akamaized.net/exp=1614569853~acl=%2A%2F674690720.mp4%2A~hmac=5effe8da27cb0c6db517557df81cf85a40afd23f538ceee47d1744e5b29fc669/vimeo-prod-skyfire-std-us/01/4980/7/199900530/674690720.mp4?filename=Planes%3A+Fire+%26+Rescue+-+Trailer+%2889055%29.mp4,0,0,0,0,0,0,0,1,0,0,0,0,1,0,1,0,0,0,1,0,1,0,0,0,1,0,1,0,0,0,0,0,0,0,0,0,0,0,1
124,tt1142433,Post Grad,2009,/post-grad,/post-grad/trailer,20th Century Fox|Comedy|Alexis Bledel|Zach Gilford|Rodrigo Santoro|Jane Lynch|Fred Armison|Bobby Coleman|Andrew Daly|Kirk Fox|Catherine Reitman|Craig Robinson|Carol Burnett|Michael Keaton,post-grad_trailer,https://vod-progressive.akamaized.net/exp=1614569895~acl=%2A%2F668449993.mp4%2A~hmac=d588701dd0e9b84f39991d056932725f01af5a5a26e690707d5ecbfa1a1e007e/vimeo-prod-skyfire-std-us/01/4696/7/198480196/668449993.mp4?filename=Post+Grad+-+Trailer+%2810533%29.mp4,0,0,0,0,0,0,0,0,0,0,0,0,0,0,0,0,0,0,0,0,0,0,0,0,0,0,1,0,0,0,0,0,0,0,0,0,0,0,0
129,tt1192628,Rango,2011,/rango,/rango/trailer,Paramount Pictures|CG Animation|Action|Adventure|Johnny Depp,rango_trailer,https://vod-progressive.akamaized.net/exp=1614570035~acl=%2A%2F669098894.mp4%2A~hmac=9052e88273205f519dc7b944abf55cff9bfd68eea777b04480c671edea42f35f/vimeo-prod-skyfire-std-us/01/4727/7/198637294/669098894.mp4?filename=Rango+-+Trailer+%2823913%29.mp4,1,0,0,0,0,0,0,1,0,0,0,0,1,0,1,0,0,0,1,0,0,0,0,1,1,0,0,0,0,0,0,0,0,0,0,0,0,0,0
133,tt1336608,Rock of Ages,2012,/rock-of-ages,/rock-of-ages/feature-trailer,Warner Bros. Pictures|Musical|Tom Cruise|Malin Akerman|Catherine Zeta-Jones|Alec Baldwin|Paul Giamatti|Russell Brand|Julianne Hough|Diego Boneta|Mary J. Blige|Musical/Broadway/Play,rock-of-ages_feature-trailer,https://vod-progressive.akamaized.net/exp=1614570110~acl=%2A%2F672668412.mp4%2A~hmac=0ca855ec086745ee64064049ed3ded6b329618c8f8c0062d6e533de1bc35b77b/vimeo-prod-skyfire-std-us/01/4887/7/199437300/672668412.mp4?filename=Rock+of+Ages+-+Feature+Trailer+%2854985%29.mp4,0,0,0,0,0,0,0,0,0,0,0,0,1,0,0,0,0,0,0,0,0,0,0,0,0,0,0,0,0,1,1,0,0,0,0,0,0,0,0
135,tt0404390,Running Scared,2006,/running-scared,/running-scared/trailer,New Line Cinema|Action|Drama|Crime|Thriller|Paul Walker|Cameron Bright|Vera Farmiga|Karel Roden|Johnny Messner,running-scared_trailer,https://vod-progressive.akamaized.net/exp=1614570155~acl=%2A%2F668185173.mp4%2A~hmac=5c0727aa0f3637d7f0787653f684ada2b91bbdeb067683aa1b03038ab3bf2a27/vimeo-prod-skyfire-std-us/01/4683/7/198416007/668185173.mp4?filename=Running+Scared+-+Trailer+%282212%29.mp4,0,0,0,0,0,0,0,0,0,0,0,0,0,0,0,0,0,0,0,0,0,0,0,1,0,0,0,1,1,0,0,0,0,1,0,0,0,0,0
138,tt1596346,Soul Surfer,2011,/soul-surfer,/soul-surfer/feature-trailer,TriStar Pictures|Action|Drama|Sport|AnnaSophia Robb|Dennis Quaid|Helen Hunt|Carrie Underwood|Lorraine Nicholson,soul-surfer_feature-trailer,https://vod-progressive.akamaized.net/exp=1614570210~acl=%2A%2F671231707.mp4%2A~hmac=3f82727bc96b18578d935532ca8f092478091c731d1f3be84d04f5baa0a49af1/vimeo-prod-skyfire-std-us/01/4823/7/199115343/671231707.mp4?filename=Soul+Surfer+-+Feature+Trailer+%2833768%29.mp4,0,0,0,0,0,0,0,0,0,0,0,0,0,0,0,0,0,0,0,0,0,0,0,1,0,0,0,0,1,0,0,0,0,0,0,0,0,1,0
141,tt0978764,Sucker Punch,2011,/sucker-punch,/sucker-punch/trailer,Warner Bros. Pictures|Action|Drama|Thriller|Emily Browning|Vanessa Hudgens|Abbie Cornish|Jamie Chung|Jena Malone|Carla Gugino|Jon Hamm|Oscar Isaac|Scott Glenn,sucker-punch_trailer,https://vod-progressive.akamaized.net/exp=1614570280~acl=%2A%2F670966296.mp4%2A~hmac=58517853bb16d6d9d031b8e228909e208116887e141ca84026e0218552b95e84/vimeo-prod-skyfire-std-us/01/4811/7/199056034/670966296.mp4?filename=Sucker+Punch+-+Trailer+%2829841%29.mp4,0,1,0,0,0,0,1,0,0,0,0,0,1,0,0,0,0,0,0,0,0,0,1,1,0,0,0,1,1,0,1,0,0,0,0,0,0,0,0
142,tt0978764,Sucker Punch,2011,/sucker-punch,/sucker-punch/feature-trailer,Warner Bros. Pictures|Action|Drama|Thriller|Emily Browning|Vanessa Hudgens|Abbie Cornish|Jamie Chung|Jena Malone|Carla Gugino|Jon Hamm|Oscar Isaac|Scott Glenn,sucker-punch_feature-trailer,https://vod-progressive.akamaized.net/exp=1614570303~acl=%2A%2F671343675.mp4%2A~hmac=2381cf487a52779c17316c42e16ccba0f0d0e75f5e860afde09c51f69219cbc1/vimeo-prod-skyfire-std-us/01/4828/7/199140687/671343675.mp4?filename=Sucker+Punch+-+Feature+Trailer+%2835359%29.mp4,0,1,0,0,0,0,1,0,0,0,0,0,1,0,0,0,0,0,0,0,0,0,1,1,0,0,0,1,1,0,1,0,0,0,0,0,0,0,0
145,tt0398286,Tangled,2010,/tangled,/tangled/trailer,Walt Disney Pictures|CG Animation|Adventure|Family|Musical|Mandy Moore|Zachary Levi,tangled_trailer,https://vod-progressive.akamaized.net/exp=1614570366~acl=%2A%2F668993957.mp4%2A~hmac=2ad56177771b215a2e5cd45f072e76539243186bc85e9c9a5b518fac5a51f20d/vimeo-prod-skyfire-std-us/01/4722/7/198612362/668993957.mp4?filename=Tangled+-+Trailer+%2823074%29.mp4,0,0,0,0,0,0,0,0,1,0,0,0,1,0,1,0,0,0,1,1,0,0,0,0,1,0,0,0,0,1,0,0,0,0,0,0,0,0,1
146,tt0438488,Terminator Salvation,2009,/terminator-salvation,/terminator-salvation/trailer,Warner Bros. Pictures|Franchise/Epic/Trilogy|Action|Adventure|Sci Fi|Thriller|Sam Worthington|Anton Yelchin|Christian Bale|Common|Bryce Dallas Howard|Moon Bloodgood,terminator-salvation_trailer,https://vod-progressive.akamaized.net/exp=1614570382~acl=%2A%2F668360374.mp4%2A~hmac=921fc26d10fe5ce127d855d12ad3146c59a4bb4369a2565d43d4a71ea7f984b5/vimeo-prod-skyfire-std-us/01/4691/7/198457871/668360374.mp4?filename=Terminator+Salvation+-+Trailer+%287714%29.mp4,0,0,0,0,0,0,0,0,0,0,0,0,0,0,0,0,0,0,0,0,0,0,0,1,1,0,0,1,0,0,1,1,0,0,0,0,1,0,0
147,tt0948470,The Amazing Spider-Man,2012,/spider-man-2012,/spider-man-2012/feature-trailer,Columbia Pictures|Franchise/Epic/Trilogy|Action|Adventure|Fantasy|Comicbook|Andrew Garfield|Emma Stone|Rhys Ifans|Denis Leary|Campbell Scott|Irrfan Khan|Martin Sheen|Sally Field,spider-man-2012_feature-trailer,https://vod-progressive.akamaized.net/exp=1614570415~acl=%2A%2F672579730.mp4%2A~hmac=2d455f2ec9544117032f4d2f2f7f3179ea1e8c0590f19bcf740d66cff7797229/vimeo-prod-skyfire-std-us/01/4883/7/199415648/672579730.mp4?filename=The+Amazing+Spider-Man+-+Feature+Trailer+%2851966%29.mp4,0,0,0,0,0,0,0,0,0,0,0,0,1,0,0,0,0,0,1,0,1,0,0,1,1,1,0,0,0,0,0,0,1,0,0,0,1,0,0
149,tt0878804,The Blind Side,2009,/the-blind-side,/the-blind-side/trailer,Warner Bros. Pictures|Book|Drama|Sport|Sandra Bullock|Kathy Bates|Tim McGraw|Ray McKinnon|Lily Collins|Jae Head|Quinton Aaron,the-blind-side_trailer,https://vod-progressive.akamaized.net/exp=1614570448~acl=%2A%2F668549500.mp4%2A~hmac=6acfc4a0cd3607456acbfbdfe8adb9641be0b2633a1a2c091cb18e3ea7208df5/vimeo-prod-skyfire-std-us/01/4700/7/198503736/668549500.mp4?filename=The+Blind+Side+-+Trailer+%2812939%29.mp4,0,0,0,0,0,0,0,0,0,0,0,0,1,0,0,0,0,0,0,0,0,0,0,0,0,0,0,0,1,0,1,0,0,0,0,0,0,1,0
150,tt0103855,The Bodyguard,1992,/the-bodyguard,/the-bodyguard/trailer,Warner Bros. Pictures|Romance|Thriller|Drama|Musical|Kevin Costner|Whitney Houston|Gary Kemp|Bill Cobbs|Ralph Waite|Tomas Arana|Michele Lamar Richards|Mike Starr|DeVaughn Nixon,the-bodyguard_trailer,https://vod-progressive.akamaized.net/exp=1614570465~acl=%2A%2F674311876.mp4%2A~hmac=5151a7b46f7393e58e4d331fc25961f4fe3423349fa9de602d814b28487dd929/vimeo-prod-skyfire-std-us/01/4963/7/199817016/674311876.mp4?filename=The+Bodyguard+-+Trailer+%2885247%29.mp4,0,0,1,0,0,0,1,0,0,0,0,1,1,0,0,0,0,0,0,0,0,0,0,0,0,0,0,1,1,1,1,0,0,0,0,1,0,0,0
151,tt0363771,"The Chronicles of Narnia: The Lion, the Witch and the Wardrobe",2005,/narnia-lion-witch-wardrobe,/narnia-lion-witch-wardrobe/trailer,Walt Disney Pictures|Book|Fantasy|Adventure|William Moseley|Anna Popplewell|Skandar Keynes|Georgie Henley|Tilda Swinton|James McAvoy|Liam Neeson,narnia-lion-witch-wardrobe_trailer,https://vod-progressive.akamaized.net/exp=1614570478~acl=%2A%2F668079843.mp4%2A~hmac=21902f7116c8a96de43a0768529195f60baf0bb7cc39fa4c28c2c5f18dce558c/vimeo-prod-skyfire-std-us/01/4678/7/198393364/668079843.mp4?filename=The+Chronicles+of+Narnia%3A+The+Lion%2C+the+Witch+and+the+Wardrobe+-+Trailer+%28727%29.mp4,0,0,0,0,0,0,0,0,0,0,0,0,0,0,0,0,0,0,0,0,0,0,0,0,1,0,0,0,0,0,0,0,1,0,0,0,0,0,0
152,tt0980970,The Chronicles of Narnia: The Voyage of the Dawn Treader,2010,/chronicles-of-narnia-voyage-of-dawn-treader,/chronicles-of-narnia-voyage-of-dawn-treader/feature-trailer,Fox Walden|Franchise/Epic/Trilogy|Adventure|Family|Fantasy|Book|Georgie Henley|Skandar Keynes|Ben Barnes|Will Poulter|Gary Sweet|Bruce Spence|Arthur Angel|Shane Rangi|Liam Neeson|Tilda Swinton|Laura Brent,chronicles-of-narnia-voyage-of-dawn-treader_feature-trailer,https://vod-progressive.akamaized.net/exp=1614570489~acl=%2A%2F670994956.mp4%2A~hmac=053c948aba918251f58a9f39f1d6d0f3ae84cef1998c3feed71047c2df4beb92/vimeo-prod-skyfire-std-us/01/4812/7/199062394/670994956.mp4?filename=The+Chronicles+of+Narnia%3A+The+Voyage+of+the+Dawn+Treader+-+Feature+Trailer+%2830151%29.mp4,0,0,0,0,0,0,0,0,0,0,0,0,0,0,0,0,0,0,0,0,0,0,0,0,1,0,0,0,0,0,0,0,1,0,0,0,1,0,1
153,tt0980970,The Chronicles of Narnia: The Voyage of the Dawn Treader,2010,/chronicles-of-narnia-voyage-of-dawn-treader,/chronicles-of-narnia-voyage-of-dawn-treader/trailer,Fox Walden|Franchise/Epic/Trilogy|Adventure|Family|Fantasy|Georgie Henley|Skandar Keynes|Ben Barnes|Will Poulter|Gary Sweet|Bruce Spence|Arthur Angel|Shane Rangi|Liam Neeson,chronicles-of-narnia-voyage-of-dawn-treader_trailer,https://vod-progressive.akamaized.net/exp=1614570506~acl=%2A%2F669024703.mp4%2A~hmac=8b9c81be596d4c9f5813395c4e616cbedd45a79c7b1cb794d1eb216e6600b38b/vimeo-prod-skyfire-std-us/01/4723/7/198619505/669024703.mp4?filename=The+Chronicles+of+Narnia%3A+The+Voyage+of+the+Dawn+Treader+-+Trailer+%2823381%29.mp4,0,0,0,0,0,0,0,0,0,0,0,0,0,0,0,0,0,0,0,0,0,0,0,0,1,0,0,0,0,0,0,0,1,0,0,0,1,0,1
